file,n_read,n_bases,T1_ST,T1_ST_match_count,T2_ST,T2_ST_match_count,T3_ST,T3_ST_match_count,T4_ST,T4_ST_match_count,T5_ST,T5_ST_match_count,lukF_total,lukF_n_unique_kmer,lukS_total,lukS_n_unique_kmer,pvl_p_total,pvl_p_n_unique_kmer,mecA_total,mecA_n_unique_kmer,TRUTH_CC,TRUTH_pvl,TRUTH_mecA
sd_0001,100,304600,CC5,39,CC772/CC834,32,CC15,31,CC71,31,CC779,31,17,14,18,14,44,44,350,330,CC5,0,1
sd_0001,200,594948,CC5,74,CC779,55,CC71,54,CC772/CC834,54,CC8,52,32,26,33,26,122,107,674,654,CC5,0,1
sd_0001,300,909682,CC5,104,CC772/CC834,75,CC779,74,CC789,72,CC7,71,49,37,44,35,165,149,12153,10685,CC5,0,1
sd_0001,400,1236455,CC5,140,CC772/CC834,101,CC789,101,CC7,100,CC8,100,62,48,51,39,189,171,21002,14984,CC5,0,1
sd_0001,500,1553041,CC5,169,CC789,128,CC7,127,CC772/CC834,125,CC8,125,71,54,64,49,203,183,21323,15060,CC5,0,1
sd_0001,600,1869994,CC5,200,CC789,153,CC7,152,CC8,151,CC772/CC834,147,120,92,88,68,499,469,21700,15126,CC5,0,1
sd_0001,700,2168756,CC5,219,CC789,165,CC7,164,CC772/CC834,161,CC8,161,156,105,108,78,569,481,22046,15202,CC5,0,1
sd_0001,800,2496058,CC5,233,CC789,177,CC7,176,CC772/CC834,175,CC8,172,176,113,125,85,663,560,22547,15260,CC5,0,1
sd_0001,900,2806842,CC5,249,CC772/CC834,190,CC789,190,CC7,189,CC8,186,199,120,140,94,738,598,22954,15308,CC5,0,1
sd_0001,1000,3104877,CC5,265,CC772/CC834,204,CC789,202,CC7,201,CC8,200,205,125,153,96,792,618,23331,15393,CC5,0,1
sd_0001,1100,3411779,CC5,278,CC772/CC834,211,CC789,208,CC7,207,CC8,207,235,133,181,111,999,743,23579,15433,CC5,0,1
sd_0001,1200,3721176,CC5,289,CC772/CC834,221,CC8,217,CC789,215,CC7,214,308,160,215,118,1296,816,23830,15493,CC5,0,1
sd_0001,1300,4026941,CC5,294,CC772/CC834,226,CC8,223,CC789,216,CC7,215,374,186,249,128,1671,934,35012,17935,CC5,0,1
sd_0001,1400,4325273,CC5,299,CC772/CC834,230,CC8,227,CC789,218,CC7,217,384,187,260,132,1742,951,35452,17999,CC5,0,1
sd_0001,1500,4646468,CC5,306,CC772/CC834,234,CC8,231,CC789,223,CC7,222,402,198,272,137,1766,971,35819,18022,CC5,0,1
sd_0001,1600,4931293,CC5,310,CC772/CC834,236,CC8,235,CC789,223,CC7,222,422,210,292,144,1830,994,40331,18528,CC5,0,1
sd_0001,1700,5224843,CC5,314,CC772/CC834,239,CC8,239,CC789,226,CC7,225,477,232,313,149,1962,1036,40811,18538,CC5,0,1
sd_0001,1800,5543288,CC5,321,CC772/CC834,244,CC8,244,CC789,229,CC7,228,494,243,329,151,2049,1056,41214,18551,CC5,0,1
sd_0001,1900,5823586,CC5,327,CC772/CC834,250,CC8,249,CC789,234,CC7,233,507,246,340,153,2068,1070,43107,18622,CC5,0,1
sd_0001,2000,6123246,CC5,334,CC772/CC834,254,CC8,254,CC789,239,CC7,238,551,253,371,161,2401,1116,43514,18632,CC5,0,1
sd_0001,2100,6398064,CC5,337,CC772/CC834,258,CC8,257,CC789,243,CC7,242,567,261,383,164,2442,1133,49134,18934,CC5,0,1
sd_0001,2200,6693272,CC5,339,CC772/CC834,260,CC8,258,CC789,244,CC7,243,596,265,391,167,2486,1147,54472,19434,CC5,0,1
sd_0001,2300,7004846,CC5,341,CC772/CC834,261,CC8,258,CC71,244,CC789,244,622,268,421,176,2587,1163,69646,20205,CC5,0,1
sd_0001,2400,7309351,CC5,343,CC772/CC834,260,CC8,258,CC789,245,CC7,244,631,270,429,177,2606,1165,70041,20206,CC5,0,1
sd_0001,2500,7621120,CC5,343,CC772/CC834,260,CC8,258,CC789,246,CC7,245,640,272,440,178,2627,1165,81094,20294,CC5,0,1
sd_0001,2600,7884444,CC5,346,CC772/CC834,262,CC8,259,CC789,248,CC7,247,647,272,450,183,2642,1169,81351,20294,CC5,0,1
sd_0001,2700,8197806,CC5,354,CC772/CC834,265,CC8,262,CC789,253,CC7,252,691,278,461,185,2773,1173,87416,20336,CC5,0,1
sd_0001,2800,8503084,CC5,354,CC772/CC834,265,CC8,262,CC789,252,CC12,251,698,279,478,192,2832,1216,87821,20349,CC5,0,1
sd_0001,2900,8816539,CC5,357,CC772/CC834,266,CC8,262,CC12,252,CC789,252,743,284,497,195,2991,1248,88143,20351,CC5,0,1
sd_0001,3000,9091722,CC5,359,CC772/CC834,268,CC8,264,CC12,254,CC789,254,786,288,555,198,3488,1255,88571,20361,CC5,0,1
sd_0001,3100,9418410,CC5,360,CC772/CC834,269,CC8,265,CC12,255,CC789,255,806,291,571,203,3563,1315,99513,20446,CC5,0,1
sd_0001,3200,9720496,CC5,360,CC772/CC834,269,CC8,265,CC12,255,CC789,255,818,294,586,206,3622,1316,99814,20447,CC5,0,1
sd_0001,3300,10039062,CC5,361,CC772/CC834,270,CC8,265,CC12,256,CC789,255,872,296,607,209,3834,1318,100183,20450,CC5,0,1
sd_0001,3400,10374370,CC5,361,CC772/CC834,270,CC8,264,CC12,256,CC789,255,907,298,620,210,3981,1323,100590,20451,CC5,0,1
sd_0001,3500,10679980,CC5,363,CC772/CC834,271,CC8,264,CC12,257,CC789,256,948,299,652,218,4160,1340,110280,20462,CC5,0,1
sd_0001,3600,10965922,CC5,364,CC772/CC834,272,CC8,264,CC12,258,CC789,257,982,303,668,221,4424,1349,110698,20462,CC5,0,1
sd_0001,3700,11266264,CC5,365,CC772/CC834,272,CC8,265,CC12,259,CC789,258,1012,306,672,222,4435,1350,110968,20463,CC5,0,1
sd_0001,3800,11557176,CC5,364,CC772/CC834,271,CC8,263,CC12,259,CC789,258,1064,310,686,224,4594,1365,111250,20463,CC5,0,1
sd_0001,3900,11884849,CC5,365,CC772/CC834,272,CC8,264,CC12,259,CC789,258,1102,316,703,225,4748,1371,116608,20469,CC5,0,1
sd_0001,4000,12134485,CC5,365,CC772/CC834,272,CC8,264,CC12,259,CC789,258,1167,318,723,227,5067,1382,116863,20471,CC5,0,1
sd_0001,4100,12448941,CC5,366,CC772/CC834,273,CC8,264,CC12,260,CC789,259,1196,320,745,231,5155,1393,126841,20471,CC5,0,1
sd_0001,4200,12725538,CC5,366,CC772/CC834,273,CC8,264,CC12,260,CC789,259,1241,322,760,233,5256,1429,127175,20472,CC5,0,1
sd_0001,4300,13043996,CC5,366,CC772/CC834,273,CC8,264,CC12,261,CC789,260,1255,324,792,240,5454,1436,127621,20472,CC5,0,1
sd_0001,4400,13314049,CC5,367,CC772/CC834,274,CC8,265,CC12,261,CC789,260,1276,330,806,240,5498,1437,137727,20489,CC5,0,1
sd_0001,4500,13653119,CC5,366,CC772/CC834,273,CC8,265,CC12,260,CC789,259,1297,333,826,242,5754,1450,138013,20494,CC5,0,1
sd_0001,4600,13952882,CC5,365,CC772/CC834,273,CC8,265,CC12,261,CC789,259,1348,335,840,243,5947,1458,142015,20495,CC5,0,1
sd_0001,4700,14260385,CC5,365,CC772/CC834,272,CC8,264,CC12,260,CC789,258,1391,340,868,248,6128,1497,152277,20497,CC5,0,1
sd_0001,4800,14545158,CC5,366,CC772/CC834,272,CC8,265,CC12,260,CC789,258,1425,341,896,250,6321,1499,152845,20497,CC5,0,1
sd_0001,4900,14879833,CC5,365,CC772/CC834,271,CC8,265,CC12,259,CC789,257,1472,348,916,251,6496,1503,161257,20499,CC5,0,1
sd_0001,5000,15195881,CC5,365,CC772/CC834,271,CC8,265,CC12,259,CC789,257,1495,350,928,253,6579,1516,161662,20505,CC5,0,1
sd_0001,5100,15470447,CC5,367,CC772/CC834,272,CC8,266,CC12,260,CC789,258,1509,350,937,256,6622,1528,161954,20505,CC5,0,1
sd_0001,5200,15785478,CC5,367,CC772/CC834,271,CC8,265,CC12,260,CC789,258,1518,351,951,258,6648,1532,162329,20505,CC5,0,1
sd_0001,5300,16116145,CC5,367,CC772/CC834,271,CC8,265,CC12,260,CC789,258,1535,354,968,263,6719,1572,162787,20506,CC5,0,1
sd_0001,5400,16402902,CC5,367,CC772/CC834,270,CC8,264,CC12,259,CC789,257,1595,354,1004,263,7263,1573,163078,20507,CC5,0,1
sd_0001,5500,16696727,CC5,368,CC772/CC834,271,CC8,264,CC12,260,CC789,258,1606,355,1017,265,7299,1575,163584,20507,CC5,0,1
sd_0001,5600,17035319,CC5,368,CC772/CC834,271,CC8,264,CC12,260,CC789,258,1684,356,1046,267,7772,1591,163958,20507,CC5,0,1
sd_0001,5700,17350578,CC5,368,CC772/CC834,271,CC8,264,CC12,260,CC789,258,1713,357,1080,270,8069,1627,164135,20507,CC5,0,1
sd_0001,5800,17656721,CC5,367,CC772/CC834,270,CC8,264,CC12,259,CC789,257,1754,359,1096,271,8106,1628,173385,20507,CC5,0,1
sd_0001,5900,17943907,CC5,368,CC772/CC834,271,CC8,264,CC12,260,CC789,258,1774,366,1110,274,8180,1635,173680,20509,CC5,0,1
sd_0001,6000,18255667,CC5,368,CC772/CC834,271,CC8,264,CC12,260,CC789,258,1821,368,1116,274,8208,1637,174039,20512,CC5,0,1
sd_0001,6082,18498403,CC5,369,CC772/CC834,272,CC8,265,CC12,261,CC789,259,1832,370,1136,275,8242,1644,184853,20512,CC5,0,1
sd_0003,100,336898,CC8,46,CC71,39,CC1,38,CC72,38,CC101,37,40,38,25,25,147,144,449,419,CC8,0,1
sd_0003,200,660578,CC8,72,CC71,60,CC1,58,CC15,58,CC72,58,47,44,35,34,191,187,757,634,CC8,0,1
sd_0003,300,1027429,CC8,102,CC96,85,CC1,84,CC12,84,CC15,84,80,66,47,45,238,231,2199,1961,CC8,0,1
sd_0003,400,1363798,CC8,122,CC12,100,CC96,100,CC1,98,CC15,97,125,104,72,61,474,404,9688,8615,CC8,0,1
sd_0003,500,1729989,CC8,138,CC12,114,CC96,114,CC1,109,CC15,109,133,109,97,73,544,450,9987,8713,CC8,0,1
sd_0003,600,2066895,CC8,162,CC96,135,CC12,134,CC1,130,CC15,130,147,113,105,79,565,465,10376,8872,CC8,0,1
sd_0003,700,2439709,CC8,179,CC12,150,CC96,149,CC15,143,CC1,142,190,136,120,86,633,513,10758,8999,CC8,0,1
sd_0003,800,2756304,CC8,193,CC12,161,CC96,159,CC5,154,CC15,153,225,145,127,89,666,523,11477,9392,CC8,0,1
sd_0003,900,3121808,CC8,199,CC12,165,CC96,163,CC1,157,CC15,157,289,155,152,103,887,651,11778,9452,CC8,0,1
sd_0003,1000,3475219,CC8,211,CC12,175,CC96,172,CC15,168,CC1,166,304,160,166,112,911,664,11940,9499,CC8,0,1
sd_0003,1100,3771804,CC8,218,CC12,183,CC96,178,CC15,173,CC1,172,363,177,200,123,1246,794,12270,9578,CC8,0,1
sd_0003,1200,4096752,CC8,225,CC12,186,CC96,182,CC1,176,CC15,176,381,185,217,126,1325,821,18143,12337,CC8,0,1
sd_0003,1300,4467106,CC8,238,CC12,196,CC96,189,CC15,185,CC5,185,395,192,221,128,1344,833,28677,16801,CC8,0,1
sd_0003,1400,4768682,CC8,248,CC12,208,CC96,199,CC1,197,CC772/CC834,196,410,195,234,135,1405,863,38483,18594,CC8,0,1
sd_0003,1500,5109767,CC8,264,CC12,223,CC96,216,CC1,215,CC772/CC834,211,420,200,250,142,1444,887,45976,19061,CC8,0,1
sd_0003,1600,5442228,CC8,269,CC12,225,CC96,217,CC1,215,CC772/CC834,212,447,210,265,146,1521,912,47248,19174,CC8,0,1
sd_0003,1700,5794731,CC8,274,CC12,229,CC96,221,CC1,219,CC772/CC834,216,462,212,281,150,1568,919,47673,19187,CC8,0,1
sd_0003,1800,6120561,CC8,281,CC12,230,CC96,225,CC1,222,CC772/CC834,219,470,214,289,155,1576,921,47958,19216,CC8,0,1
sd_0003,1900,6464414,CC8,285,CC12,236,CC96,230,CC1,225,CC15,221,508,219,317,163,1670,955,48219,19218,CC8,0,1
sd_0003,2000,6799565,CC8,290,CC12,240,CC96,233,CC1,227,CC5,225,516,220,338,168,1686,958,53217,19391,CC8,0,1
sd_0003,2100,7118342,CC8,295,CC12,243,CC96,238,CC1,231,CC5,230,546,226,349,170,1780,991,53600,19392,CC8,0,1
sd_0003,2200,7446176,CC8,300,CC12,247,CC96,240,CC1,234,CC5,232,573,234,357,172,1854,997,54039,19399,CC8,0,1
sd_0003,2300,7762721,CC8,307,CC12,251,CC96,243,CC1,240,CC5,239,580,235,376,182,1925,1053,54292,19399,CC8,0,1
sd_0003,2400,8097437,CC8,310,CC12,252,CC96,245,CC1,242,CC5,242,588,240,385,183,1958,1067,62872,19931,CC8,0,1
sd_0003,2500,8460923,CC8,314,CC12,254,CC96,248,CC1,246,CC5,246,606,246,401,193,2016,1118,66846,19988,CC8,0,1
sd_0003,2600,8782258,CC8,315,CC12,254,CC5,247,CC96,247,CC1,246,660,250,413,194,2189,1150,67221,20010,CC8,0,1
sd_0003,2700,9103761,CC8,318,CC12,255,CC5,250,CC96,249,CC1,247,684,254,455,208,2318,1214,67535,20013,CC8,0,1
sd_0003,2800,9424902,CC8,318,CC12,252,CC5,248,CC96,247,CC1,245,747,269,501,211,2652,1265,67727,20013,CC8,0,1
sd_0003,2900,9748017,CC8,320,CC12,253,CC5,248,CC96,246,CC1,244,804,277,536,216,2948,1293,70895,20037,CC8,0,1
sd_0003,3000,10066384,CC8,324,CC12,257,CC5,251,CC96,249,CC1,248,848,283,556,218,3125,1300,80577,20145,CC8,0,1
sd_0003,3100,10419041,CC8,324,CC12,256,CC5,250,CC1,247,CC96,247,866,286,568,219,3146,1307,80810,20146,CC8,0,1
sd_0003,3200,10777989,CC8,327,CC12,257,CC5,253,CC1,248,CC772/CC834,248,877,286,573,221,3161,1315,81153,20146,CC8,0,1
sd_0003,3300,11131693,CC8,328,CC12,258,CC5,253,CC772/CC834,249,CC1,248,888,287,587,225,3205,1340,90836,20169,CC8,0,1
sd_0003,3400,11479796,CC8,329,CC12,258,CC5,254,CC772/CC834,250,CC1,249,916,290,595,227,3253,1348,97992,20239,CC8,0,1
sd_0003,3500,11841304,CC8,329,CC12,258,CC5,254,CC1,249,CC772/CC834,249,961,295,630,230,3438,1360,98461,20241,CC8,0,1
sd_0003,3600,12163392,CC8,328,CC12,257,CC5,253,CC1,248,CC772/CC834,248,987,299,642,235,3536,1397,98920,20262,CC8,0,1
sd_0003,3700,12503958,CC8,330,CC12,258,CC5,252,CC1,249,CC772/CC834,249,1071,314,653,236,3647,1403,99127,20262,CC8,0,1
sd_0003,3800,12788499,CC8,333,CC12,262,CC5,256,CC1,253,CC772/CC834,252,1088,321,673,240,3733,1406,99477,20265,CC8,0,1
sd_0003,3900,13110951,CC8,333,CC12,262,CC5,256,CC1,253,CC772/CC834,252,1104,325,688,242,3756,1407,99970,20266,CC8,0,1
sd_0003,4000,13491189,CC8,333,CC12,262,CC5,256,CC1,253,CC772/CC834,252,1164,325,702,243,3927,1407,107165,20326,CC8,0,1
sd_0003,4100,13836359,CC8,334,CC12,261,CC5,255,CC1,253,CC772/CC834,252,1195,329,735,243,4198,1411,107624,20326,CC8,0,1
sd_0003,4200,14156464,CC8,335,CC12,262,CC5,256,CC1,254,CC772/CC834,253,1234,329,755,246,4503,1414,107922,20328,CC8,0,1
sd_0003,4300,14509305,CC8,337,CC12,262,CC5,258,CC1,254,CC772/CC834,254,1253,330,768,246,4549,1415,108259,20329,CC8,0,1
sd_0003,4400,14848793,CC8,337,CC12,262,CC5,257,CC1,253,CC772/CC834,253,1290,330,800,248,4969,1431,108755,20329,CC8,0,1
sd_0003,4500,15213926,CC8,337,CC12,262,CC5,259,CC1,253,CC772/CC834,253,1318,333,827,250,5183,1431,108964,20340,CC8,0,1
sd_0003,4600,15562536,CC8,337,CC12,262,CC5,259,CC1,253,CC772/CC834,253,1329,336,836,251,5196,1432,115403,20371,CC8,0,1
sd_0003,4700,15873940,CC8,337,CC12,262,CC5,259,CC1,253,CC772/CC834,253,1384,339,858,253,5339,1458,120668,20371,CC8,0,1
sd_0003,4800,16240062,CC8,337,CC12,261,CC5,258,CC772/CC834,253,CC1,252,1394,339,870,255,5354,1461,120891,20372,CC8,0,1
sd_0003,4900,16597322,CC8,337,CC12,261,CC5,258,CC1,253,CC772/CC834,253,1412,340,875,255,5368,1467,121362,20374,CC8,0,1
sd_0003,5000,16915387,CC8,336,CC12,260,CC5,257,CC1,253,CC772/CC834,252,1448,345,902,256,5584,1478,131137,20402,CC8,0,1
sd_0003,5100,17242266,CC8,336,CC12,261,CC5,258,CC1,254,CC772/CC834,253,1461,349,909,257,5605,1479,131469,20402,CC8,0,1
sd_0003,5200,17569721,CC8,336,CC12,261,CC5,258,CC1,254,CC772/CC834,253,1470,351,913,257,5612,1479,131717,20404,CC8,0,1
sd_0003,5300,17938608,CC8,335,CC12,260,CC5,257,CC1,253,CC772/CC834,253,1504,353,951,260,5803,1486,132009,20404,CC8,0,1
sd_0003,5400,18254258,CC8,335,CC12,260,CC5,257,CC1,253,CC772/CC834,253,1522,354,969,262,5879,1499,132751,20404,CC8,0,1
sd_0003,5500,18558210,CC8,335,CC12,260,CC5,257,CC1,253,CC772/CC834,253,1606,356,989,263,6104,1500,133032,20404,CC8,0,1
sd_0003,5600,18933741,CC8,335,CC12,261,CC5,258,CC1,253,CC772/CC834,253,1694,363,1013,265,6373,1513,133380,20404,CC8,0,1
sd_0003,5700,19275629,CC8,335,CC12,261,CC5,258,CC1,253,CC772/CC834,253,1711,368,1021,265,6411,1515,143648,20417,CC8,0,1
sd_0003,5800,19619343,CC8,337,CC12,262,CC5,258,CC772/CC834,256,CC1,255,1722,369,1056,271,6588,1552,143953,20418,CC8,0,1
sd_0003,5900,19958851,CC8,337,CC12,262,CC5,258,CC1,256,CC772/CC834,256,1739,372,1071,273,6618,1558,144314,20421,CC8,0,1
sd_0003,6000,20323397,CC8,338,CC12,263,CC5,259,CC772/CC834,257,CC1,256,1758,373,1093,277,6840,1593,153874,20441,CC8,0,1
sd_0003,6100,20678833,CC8,338,CC12,263,CC5,259,CC772/CC834,257,CC1,256,1823,377,1116,279,6950,1618,162700,20441,CC8,0,1
sd_0003,6200,21029840,CC8,338,CC12,263,CC5,259,CC772/CC834,257,CC1,256,1843,377,1141,281,7178,1620,163085,20442,CC8,0,1
sd_0003,6300,21375888,CC8,339,CC12,264,CC5,260,CC772/CC834,258,CC1,256,1898,382,1184,289,7442,1664,172388,20450,CC8,0,1
sd_0003,6400,21702263,CC8,339,CC12,264,CC5,260,CC772/CC834,258,CC1,256,1923,384,1195,294,7496,1691,172755,20451,CC8,0,1
sd_0003,6500,22047534,CC8,339,CC12,264,CC5,260,CC772/CC834,258,CC1,256,1977,386,1217,297,7694,1715,173067,20451,CC8,0,1
sd_0003,6600,22396665,CC8,338,CC12,263,CC5,259,CC772/CC834,257,CC1,255,1985,390,1230,300,7719,1718,173254,20451,CC8,0,1
sd_0003,6700,22747661,CC8,338,CC12,263,CC5,259,CC772/CC834,257,CC1,255,2030,392,1257,305,7855,1721,173516,20451,CC8,0,1
sd_0003,6791,23062236,CC8,338,CC12,263,CC5,259,CC772/CC834,257,CC1,255,2077,392,1271,305,7988,1722,183490,20473,CC8,0,1
sd_0004,100,306612,CC8,57,CC96,50,CC78,49,CC12,48,CC20,47,36,32,30,26,115,114,465,381,CC8,0,0
sd_0004,200,603012,CC8,88,CC12,77,CC72,73,CC78,73,CC20,72,58,44,42,36,139,136,739,635,CC8,0,0
sd_0004,300,926831,CC8,115,CC12,96,CC96,95,CC1,93,CC78,93,82,58,64,49,262,240,1040,864,CC8,0,0
sd_0004,400,1254416,CC8,144,CC12,118,CC5,117,CC772/CC834,116,CC1,115,105,76,89,66,466,423,1437,1162,CC8,0,0
sd_0004,500,1573510,CC8,165,CC12,135,CC5,132,CC71,132,CC1,131,112,81,104,72,510,466,1659,1328,CC8,0,0
sd_0004,600,1897129,CC8,183,CC12,151,CC71,147,CC1,146,CC5,146,139,99,115,76,557,511,2132,1626,CC8,0,0
sd_0004,700,2192035,CC8,194,CC12,155,CC71,153,CC1,152,CC5,151,152,106,124,82,596,546,2380,1774,CC8,0,0
sd_0004,800,2520213,CC8,215,CC12,172,CC5,168,CC71,168,CC1,167,165,113,141,91,659,591,2795,1952,CC8,0,0
sd_0004,900,2814444,CC8,227,CC12,180,CC71,176,CC1,175,CC5,174,221,149,171,106,863,700,3099,2090,CC8,0,0
sd_0004,1000,3108782,CC8,244,CC12,193,CC5,188,CC772/CC834,188,CC1,187,244,154,178,110,903,703,3448,2314,CC8,0,0
sd_0004,1100,3399566,CC8,251,CC12,200,CC1,194,CC5,194,CC772/CC834,194,258,161,205,119,952,717,3720,2424,CC8,0,0
sd_0004,1200,3701909,CC8,256,CC12,204,CC5,200,CC1,199,CC772/CC834,196,332,179,242,125,1575,892,4117,2573,CC8,0,0
sd_0004,1300,4025114,CC8,260,CC12,207,CC5,203,CC1,201,CC96,200,341,182,250,126,1592,900,4392,2716,CC8,0,0
sd_0004,1400,4295380,CC8,267,CC12,212,CC5,210,CC1,208,CC96,205,362,190,264,133,1649,931,4700,2825,CC8,0,0
sd_0004,1500,4613639,CC8,270,CC12,216,CC5,214,CC1,212,CC772/CC834,208,418,211,282,141,1915,976,5054,2878,CC8,0,0
sd_0004,1600,4908749,CC8,278,CC12,222,CC5,219,CC1,217,CC772/CC834,214,431,215,291,146,1940,996,5413,2975,CC8,0,0
sd_0004,1700,5216357,CC8,285,CC12,226,CC5,224,CC1,222,CC772/CC834,218,448,222,310,155,2044,1034,5698,3037,CC8,0,0
sd_0004,1800,5527364,CC8,289,CC12,229,CC5,227,CC1,225,CC772/CC834,221,461,225,318,157,2066,1037,6080,3170,CC8,0,0
sd_0004,1900,5824429,CC8,295,CC12,231,CC5,230,CC1,225,CC71,225,470,231,326,160,2084,1050,6365,3214,CC8,0,0
sd_0004,2000,6156526,CC8,296,CC12,231,CC5,231,CC1,226,CC71,226,485,238,341,165,2185,1073,6730,3349,CC8,0,0
sd_0004,2100,6426664,CC8,301,CC12,233,CC5,233,CC1,229,CC71,229,502,239,362,167,2249,1088,7080,3460,CC8,0,0
sd_0004,2200,6771133,CC8,301,CC12,234,CC5,234,CC1,229,CC71,229,521,245,372,168,2281,1100,7401,3556,CC8,0,0
sd_0004,2300,7090623,CC8,305,CC12,237,CC5,237,CC1,232,CC71,232,537,252,384,172,2322,1128,7801,3708,CC8,0,0
sd_0004,2400,7386866,CC8,310,CC12,240,CC5,240,CC71,235,CC772/CC834,235,582,256,406,176,2499,1130,8205,3828,CC8,0,0
sd_0004,2500,7691734,CC8,312,CC5,242,CC12,241,CC772/CC834,238,CC1,237,644,260,430,183,2648,1133,8611,3986,CC8,0,0
sd_0004,2600,7963622,CC8,310,CC5,241,CC12,240,CC772/CC834,237,CC1,236,659,266,443,183,2704,1135,8918,4116,CC8,0,0
sd_0004,2700,8274520,CC8,315,CC12,243,CC5,243,CC772/CC834,240,CC1,239,673,270,451,186,2761,1138,9213,4168,CC8,0,0
sd_0004,2800,8557499,CC8,317,CC12,245,CC5,245,CC1,240,CC71,240,698,276,469,194,2804,1156,9701,4265,CC8,0,0
sd_0004,2900,8850512,CC8,322,CC12,249,CC5,249,CC1,244,CC71,243,726,282,485,198,2925,1170,10126,4379,CC8,0,0
sd_0004,3000,9135097,CC8,323,CC5,250,CC12,249,CC772/CC834,245,CC1,244,740,284,493,202,2961,1185,10464,4477,CC8,0,0
sd_0004,3100,9447642,CC8,324,CC5,252,CC12,250,CC772/CC834,246,CC1,245,758,285,500,205,2982,1190,10641,4558,CC8,0,0
sd_0004,3200,9755593,CC8,327,CC12,254,CC5,254,CC1,249,CC772/CC834,248,771,287,514,210,3091,1207,10981,4643,CC8,0,0
sd_0004,3300,10071865,CC8,327,CC12,254,CC5,254,CC1,249,CC772/CC834,248,785,288,534,214,3123,1211,11366,4757,CC8,0,0
sd_0004,3400,10392693,CC8,328,CC12,255,CC5,255,CC1,250,CC772/CC834,249,814,295,545,218,3181,1242,11698,4798,CC8,0,0
sd_0004,3500,10721108,CC8,327,CC12,254,CC5,254,CC1,249,CC772/CC834,248,862,300,555,221,3256,1249,12018,4838,CC8,0,0
sd_0004,3600,11013642,CC8,330,CC5,257,CC12,255,CC1,251,CC772/CC834,250,908,300,588,225,3554,1263,12366,4909,CC8,0,0
sd_0004,3700,11303230,CC8,331,CC5,257,CC12,254,CC1,251,CC772/CC834,250,917,303,605,228,3600,1279,12672,4972,CC8,0,0
sd_0004,3800,11603204,CC8,331,CC5,256,CC12,254,CC1,250,CC772/CC834,249,938,307,625,231,3689,1307,13102,5088,CC8,0,0
sd_0004,3900,11941790,CC8,330,CC5,255,CC12,253,CC1,249,CC772/CC834,248,971,310,639,234,3886,1328,13625,5198,CC8,0,0
sd_0004,4000,12220445,CC8,329,CC5,254,CC12,252,CC1,248,CC772/CC834,247,996,315,659,236,3978,1328,13975,5267,CC8,0,0
sd_0004,4100,12500741,CC8,331,CC5,256,CC12,254,CC1,250,CC772/CC834,249,1026,320,683,239,4180,1367,14342,5341,CC8,0,0
sd_0004,4200,12818022,CC8,333,CC5,258,CC12,256,CC1,252,CC772/CC834,251,1049,322,711,239,4395,1367,14730,5361,CC8,0,0
sd_0004,4300,13153064,CC8,334,CC5,259,CC12,257,CC1,252,CC772/CC834,252,1067,326,725,243,4436,1389,15172,5414,CC8,0,0
sd_0004,4400,13446791,CC8,334,CC5,259,CC12,257,CC1,252,CC772/CC834,252,1090,330,747,246,4517,1400,15595,5502,CC8,0,0
sd_0004,4500,13779428,CC8,334,CC5,259,CC12,256,CC772/CC834,252,CC1,251,1112,331,763,248,4563,1414,15921,5592,CC8,0,0
sd_0004,4600,14095005,CC8,334,CC5,259,CC12,257,CC1,252,CC772/CC834,252,1176,331,796,249,4752,1415,16280,5662,CC8,0,0
sd_0004,4700,14407479,CC8,335,CC5,259,CC12,258,CC772/CC834,253,CC1,252,1191,337,799,250,4765,1421,16555,5714,CC8,0,0
sd_0004,4800,14707877,CC8,335,CC12,258,CC5,258,CC772/CC834,253,CC1,252,1208,338,811,251,4795,1422,16925,5808,CC8,0,0
sd_0004,4900,15032876,CC8,335,CC12,258,CC5,258,CC1,253,CC772/CC834,253,1224,341,824,253,4815,1429,17278,5872,CC8,0,0
sd_0004,5000,15349300,CC8,335,CC12,258,CC5,258,CC1,253,CC772/CC834,253,1239,346,846,259,4945,1460,17662,5928,CC8,0,0
sd_0004,5100,15646551,CC8,334,CC12,258,CC5,256,CC1,253,CC71,251,1295,354,864,260,5080,1463,18000,6032,CC8,0,0
sd_0004,5200,15937763,CC8,334,CC12,258,CC5,256,CC1,253,CC71,251,1306,361,870,261,5091,1469,18489,6113,CC8,0,0
sd_0004,5300,16255485,CC8,335,CC12,259,CC5,257,CC1,253,CC71,252,1325,367,884,266,5151,1502,18908,6152,CC8,0,0
sd_0004,5400,16554844,CC8,335,CC12,259,CC5,257,CC1,253,CC71,252,1345,369,893,267,5199,1502,19296,6219,CC8,0,0
sd_0004,5500,16832364,CC8,335,CC12,259,CC5,257,CC1,253,CC71,252,1360,373,908,270,5236,1538,19710,6319,CC8,0,0
sd_0004,5600,17159036,CC8,335,CC12,259,CC5,257,CC1,253,CC71,252,1374,374,923,271,5268,1539,20118,6339,CC8,0,0
sd_0004,5700,17495609,CC8,335,CC12,259,CC5,257,CC1,253,CC71,252,1393,375,945,274,5316,1544,20406,6394,CC8,0,0
sd_0004,5800,17807740,CC8,336,CC12,260,CC5,257,CC1,254,CC71,252,1498,381,973,274,5668,1569,20723,6447,CC8,0,0
sd_0004,5900,18117310,CC8,335,CC12,259,CC5,256,CC1,254,CC71,251,1520,382,981,274,5697,1573,21072,6468,CC8,0,0
sd_0004,6000,18420092,CC8,335,CC12,259,CC5,256,CC1,254,CC71,251,1540,384,998,275,5783,1574,21590,6510,CC8,0,0
sd_0004,6100,18714060,CC8,335,CC12,259,CC5,256,CC1,253,CC772/CC834,251,1561,386,1011,276,5834,1574,21911,6559,CC8,0,0
sd_0004,6139,18846730,CC8,335,CC12,259,CC5,256,CC1,253,CC772/CC834,251,1569,387,1016,278,5871,1594,22037,6581,CC8,0,0
sd_0005,100,340995,CC8,29,CC1,27,CC12,27,CC25,27,CC7,27,15,14,26,26,93,93,355,345,CC8,0,1
sd_0005,200,669179,CC8,67,CC1,62,CC71,60,CC12,59,CC72,59,35,32,42,30,175,158,6264,5942,CC8,0,1
sd_0005,300,1052761,CC8,91,CC12,81,CC1,80,CC7,79,CC789,79,54,45,57,40,243,206,10915,8992,CC8,0,1
sd_0005,400,1399287,CC8,122,CC12,109,CC1,106,CC5,103,CC7,103,80,61,70,48,311,232,11191,9134,CC8,0,1
sd_0005,500,1770155,CC8,136,CC12,120,CC1,115,CC7,115,CC789,115,100,76,83,59,351,261,11384,9174,CC8,0,1
sd_0005,600,2116583,CC8,156,CC12,130,CC5,130,CC7,126,CC789,126,120,85,93,63,367,264,11632,9246,CC8,0,1
sd_0005,700,2487723,CC8,172,CC12,139,CC5,139,CC1,132,CC7,130,172,130,129,90,672,521,12080,9383,CC8,0,1
sd_0005,800,2817734,CC8,181,CC12,146,CC5,146,CC1,141,CC7,138,187,136,148,100,719,550,12459,9483,CC8,0,1
sd_0005,900,3178835,CC8,202,CC12,161,CC5,158,CC1,155,CC71,153,208,142,157,106,746,555,12751,9544,CC8,0,1
sd_0005,1000,3535795,CC8,220,CC12,177,CC5,171,CC1,169,CC7,167,218,147,173,117,770,566,13130,9674,CC8,0,1
sd_0005,1100,3865984,CC8,232,CC12,188,CC5,181,CC1,177,CC7,175,288,173,235,136,1482,810,18448,12466,CC8,0,1
sd_0005,1200,4200981,CC8,245,CC12,197,CC5,193,CC1,185,CC71,185,316,175,246,136,1644,822,20187,12976,CC8,0,1
sd_0005,1300,4564530,CC8,252,CC12,200,CC5,200,CC71,191,CC1,190,336,181,270,142,1847,838,28813,15841,CC8,0,1
sd_0005,1400,4894412,CC8,260,CC5,209,CC12,208,CC71,199,CC1,198,391,188,302,150,2190,880,29088,15881,CC8,0,1
sd_0005,1500,5261124,CC8,267,CC5,213,CC12,212,CC1,203,CC71,203,438,205,315,151,2248,882,29386,15900,CC8,0,1
sd_0005,1600,5591467,CC8,273,CC12,218,CC5,218,CC1,210,CC71,209,444,207,327,157,2281,910,29616,15901,CC8,0,1
sd_0005,1700,5955661,CC8,280,CC5,222,CC12,221,CC1,214,CC71,213,474,210,355,158,2457,918,29908,15922,CC8,0,1
sd_0005,1800,6282129,CC8,286,CC12,227,CC5,225,CC1,219,CC71,218,492,214,376,161,2502,949,30269,15954,CC8,0,1
sd_0005,1900,6615427,CC8,288,CC12,228,CC5,225,CC1,219,CC71,217,504,215,393,167,2539,961,30565,15997,CC8,0,1
sd_0005,2000,6970397,CC8,294,CC12,232,CC5,230,CC1,223,CC71,223,576,228,429,170,2865,978,38364,17831,CC8,0,1
sd_0005,2100,7296344,CC8,298,CC12,237,CC5,233,CC1,228,CC71,227,601,233,436,171,2883,984,38751,17832,CC8,0,1
sd_0005,2200,7637962,CC8,300,CC12,238,CC5,235,CC1,229,CC72,228,609,236,447,175,2904,997,50004,18982,CC8,0,1
sd_0005,2300,7970066,CC8,299,CC12,236,CC5,233,CC1,228,CC772/CC834,226,625,238,456,176,2911,997,58589,19592,CC8,0,1
sd_0005,2400,8284465,CC8,303,CC12,238,CC5,236,CC1,230,CC772/CC834,230,643,239,470,180,2963,1036,59048,19592,CC8,0,1
sd_0005,2500,8612926,CC8,306,CC12,240,CC5,239,CC772/CC834,233,CC1,231,657,242,483,181,3000,1052,68266,19960,CC8,0,1
sd_0005,2600,8993828,CC8,307,CC12,240,CC5,240,CC772/CC834,234,CC1,231,703,248,512,190,3298,1085,68619,19963,CC8,0,1
sd_0005,2700,9328068,CC8,308,CC12,242,CC5,241,CC1,235,CC772/CC834,235,718,251,541,196,3410,1113,68935,19964,CC8,0,1
sd_0005,2800,9646652,CC8,314,CC12,247,CC5,245,CC1,240,CC772/CC834,239,765,254,558,201,3638,1145,69123,19970,CC8,0,1
sd_0005,2900,9979797,CC8,313,CC12,249,CC5,245,CC1,241,CC772/CC834,239,779,257,566,202,3674,1154,69385,19974,CC8,0,1
sd_0005,3000,10346272,CC8,315,CC12,251,CC5,246,CC1,243,CC772/CC834,241,796,263,571,204,3697,1167,85202,20225,CC8,0,1
sd_0005,3100,10685444,CC8,315,CC12,251,CC1,245,CC5,245,CC772/CC834,240,820,265,584,204,3746,1167,85524,20226,CC8,0,1
sd_0005,3200,11072904,CC8,321,CC12,255,CC5,249,CC1,246,CC772/CC834,244,867,267,601,206,3936,1182,89819,20236,CC8,0,1
sd_0005,3300,11411833,CC8,324,CC12,259,CC5,253,CC1,251,CC772/CC834,248,936,268,635,214,4264,1193,110612,20327,CC8,0,1
sd_0005,3400,11765951,CC8,325,CC12,259,CC5,254,CC1,252,CC772/CC834,249,985,268,671,220,4497,1206,110947,20327,CC8,0,1
sd_0005,3500,12116170,CC8,325,CC12,259,CC5,253,CC1,251,CC772/CC834,249,1013,277,684,224,4511,1212,111311,20327,CC8,0,1
sd_0005,3600,12427091,CC8,327,CC12,260,CC5,254,CC1,252,CC772/CC834,250,1039,281,689,224,4559,1212,111582,20327,CC8,0,1
sd_0005,3700,12789600,CC8,328,CC12,262,CC5,256,CC1,254,CC772/CC834,252,1057,287,709,226,4625,1218,125308,20355,CC8,0,1
sd_0005,3800,13116558,CC8,329,CC12,262,CC5,257,CC1,255,CC772/CC834,253,1068,289,722,230,4672,1233,129921,20358,CC8,0,1
sd_0005,3900,13453617,CC8,329,CC12,262,CC1,256,CC5,256,CC772/CC834,254,1118,293,741,230,4841,1233,130374,20361,CC8,0,1
sd_0005,4000,13824926,CC8,330,CC12,263,CC1,257,CC5,257,CC772/CC834,255,1135,293,759,233,4860,1245,130692,20361,CC8,0,1
sd_0005,4100,14200573,CC8,330,CC12,262,CC5,257,CC1,256,CC772/CC834,255,1202,295,794,236,5316,1287,136179,20374,CC8,0,1
sd_0005,4200,14497843,CC8,331,CC12,263,CC5,258,CC1,256,CC772/CC834,255,1212,297,807,237,5356,1299,136517,20374,CC8,0,1
sd_0005,4300,14863092,CC8,332,CC12,263,CC5,258,CC1,256,CC772/CC834,255,1256,300,834,239,5522,1301,144221,20385,CC8,0,1
sd_0005,4400,15179153,CC8,332,CC12,263,CC5,258,CC1,256,CC772/CC834,255,1274,308,840,239,5544,1302,144679,20385,CC8,0,1
sd_0005,4500,15539415,CC8,333,CC12,264,CC5,259,CC1,257,CC772/CC834,256,1316,314,850,240,5627,1318,151795,20385,CC8,0,1
sd_0005,4600,15867789,CC8,333,CC12,265,CC5,259,CC1,258,CC772/CC834,256,1347,323,860,240,5694,1334,152205,20385,CC8,0,1
sd_0005,4700,16216864,CC8,333,CC12,266,CC5,259,CC1,258,CC772/CC834,255,1375,324,871,241,5733,1340,152485,20389,CC8,0,1
sd_0005,4800,16550150,CC8,337,CC12,267,CC5,262,CC1,259,CC772/CC834,257,1397,329,876,243,5776,1363,152901,20389,CC8,0,1
sd_0005,4900,16901918,CC8,337,CC12,265,CC5,261,CC1,258,CC772/CC834,257,1434,333,888,246,5825,1368,153321,20389,CC8,0,1
sd_0005,5000,17263177,CC8,336,CC12,265,CC5,260,CC1,258,CC772/CC834,256,1471,333,898,247,5859,1369,153630,20389,CC8,0,1
sd_0005,5100,17626183,CC8,339,CC12,265,CC5,259,CC1,258,CC772/CC834,256,1481,336,906,249,5868,1369,153858,20391,CC8,0,1
sd_0005,5200,18008985,CC8,340,CC12,266,CC5,260,CC1,259,CC772/CC834,257,1486,339,917,253,5917,1387,154339,20429,CC8,0,1
sd_0005,5300,18374651,CC8,342,CC12,268,CC1,261,CC5,261,CC772/CC834,259,1552,339,937,254,6017,1397,154650,20430,CC8,0,1
sd_0005,5400,18730949,CC8,342,CC12,269,CC1,262,CC5,261,CC772/CC834,259,1566,344,947,255,6036,1397,165087,20430,CC8,0,1
sd_0005,5500,19082360,CC8,342,CC12,269,CC1,262,CC5,261,CC772/CC834,259,1585,348,960,257,6168,1398,165265,20430,CC8,0,1
sd_0005,5600,19422711,CC8,342,CC12,267,CC1,260,CC5,260,CC772/CC834,258,1597,352,975,260,6206,1401,165616,20430,CC8,0,1
sd_0005,5700,19764957,CC8,341,CC12,266,CC1,259,CC5,259,CC772/CC834,257,1604,354,998,260,6446,1404,165981,20431,CC8,0,1
sd_0005,5800,20103808,CC8,343,CC12,267,CC5,261,CC1,260,CC772/CC834,259,1650,359,1024,263,6682,1443,169234,20431,CC8,0,1
sd_0005,5900,20416779,CC8,343,CC12,268,CC5,261,CC1,260,CC772/CC834,260,1716,362,1067,267,7081,1444,169577,20433,CC8,0,1
sd_0005,6000,20770605,CC8,343,CC12,269,CC1,261,CC5,260,CC772/CC834,260,1738,362,1080,269,7156,1471,179532,20436,CC8,0,1
sd_0005,6100,21156432,CC8,344,CC12,269,CC1,262,CC5,261,CC772/CC834,261,1756,363,1090,271,7165,1473,179851,20436,CC8,0,1
sd_0005,6200,21508142,CC8,344,CC12,269,CC1,262,CC5,261,CC772/CC834,261,1765,366,1099,272,7195,1485,180178,20436,CC8,0,1
sd_0005,6300,21840531,CC8,344,CC12,269,CC1,261,CC5,261,CC772/CC834,260,1776,366,1107,272,7211,1485,180470,20436,CC8,0,1
sd_0005,6400,22153422,CC8,345,CC12,270,CC1,262,CC5,262,CC772/CC834,261,1806,370,1122,274,7307,1487,188973,20450,CC8,0,1
sd_0005,6500,22522444,CC8,345,CC12,270,CC1,262,CC5,262,CC772/CC834,261,1823,372,1133,274,7331,1488,189325,20450,CC8,0,1
sd_0005,6600,22872713,CC8,345,CC12,271,CC1,262,CC5,262,CC772/CC834,261,1850,372,1158,276,7593,1490,201023,20451,CC8,0,1
sd_0005,6700,23224062,CC8,347,CC12,272,CC5,264,CC1,263,CC772/CC834,263,1869,376,1164,278,7625,1492,209971,20451,CC8,0,1
sd_0005,6800,23600208,CC8,348,CC12,271,CC5,264,CC1,262,CC772/CC834,262,1922,387,1193,279,8013,1493,210224,20451,CC8,0,1
sd_0005,6900,23944424,CC8,348,CC12,271,CC5,264,CC1,262,CC772/CC834,262,1986,390,1245,288,8555,1590,210483,20456,CC8,0,1
sd_0005,6942,24099153,CC8,348,CC12,271,CC5,264,CC1,262,CC772/CC834,262,2005,391,1253,289,8614,1596,210560,20456,CC8,0,1
sd_0006,100,304500,CC45,29,CC395,27,CC30,22,CC942,22,CC425,21,28,25,13,12,30,24,347,347,CC45,0,0
sd_0006,200,600163,CC45,57,CC395,55,CC30,53,CC942,50,CC121,48,43,35,32,30,90,83,594,564,CC45,0,0
sd_0006,300,914838,CC45,88,CC395,84,CC30,70,CC10,66,CC121,64,143,108,84,66,517,396,889,757,CC45,0,0
sd_0006,400,1241611,CC45,118,CC395,112,CC30,94,CC942,88,CC398/CC5561,87,204,126,108,78,684,438,1281,1068,CC45,0,0
sd_0006,500,1558484,CC45,138,CC395,129,CC30,107,CC398/CC5561,105,CC10,102,235,140,136,106,915,664,1633,1315,CC45,0,0
sd_0006,600,1880262,CC45,155,CC395,147,CC30,126,CC398/CC5561,122,CC10,119,254,150,150,115,936,680,1904,1487,CC45,0,0
sd_0006,700,2179634,CC45,166,CC395,158,CC30,135,CC398/CC5561,134,CC10,130,267,153,160,123,957,685,2208,1636,CC45,0,0
sd_0006,800,2500413,CC45,177,CC395,169,CC30,143,CC398/CC5561,139,CC10,138,283,163,173,126,1015,709,2438,1713,CC45,0,0
sd_0006,900,2811045,CC45,188,CC395,178,CC30,151,CC10,150,CC398/CC5561,149,294,164,185,131,1059,740,2734,1826,CC45,0,0
sd_0006,1000,3089731,CC45,203,CC395,193,CC10,164,CC30,164,CC398/CC5561,163,347,185,205,137,1164,759,2990,1964,CC45,0,0
sd_0006,1100,3389107,CC45,221,CC395,210,CC10,181,CC30,179,CC398/CC5561,178,410,197,226,142,1296,769,3417,2177,CC45,0,0
sd_0006,1200,3685904,CC45,228,CC395,217,CC10,185,CC30,183,CC398/CC5561,183,456,201,236,144,1339,777,3626,2293,CC45,0,0
sd_0006,1300,3981795,CC45,235,CC395,225,CC10,191,CC30,189,CC398/CC5561,188,463,204,250,148,1344,778,3864,2401,CC45,0,0
sd_0006,1400,4273402,CC45,243,CC395,233,CC10,198,CC30,197,CC398/CC5561,196,479,208,257,151,1360,778,4264,2563,CC45,0,0
sd_0006,1500,4586084,CC45,250,CC395,240,CC30,203,CC10,202,CC398/CC5561,201,493,213,286,153,1594,783,4666,2746,CC45,0,0
sd_0006,1600,4880845,CC45,256,CC395,246,CC30,208,CC398/CC5561,206,CC10,205,517,218,297,161,1623,795,5010,2877,CC45,0,0
sd_0006,1700,5187986,CC45,257,CC395,247,CC30,208,CC10,207,CC398/CC5561,207,619,220,326,162,1805,799,5213,2928,CC45,0,0
sd_0006,1800,5496368,CC45,262,CC395,252,CC10,216,CC30,213,CC398/CC5561,208,642,226,354,170,2015,853,5526,3050,CC45,0,0
sd_0006,1900,5788572,CC45,264,CC395,254,CC10,216,CC30,214,CC398/CC5561,208,693,232,363,173,2041,870,5776,3157,CC45,0,0
sd_0006,2000,6078158,CC45,268,CC395,257,CC10,218,CC30,217,CC398/CC5561,210,759,237,390,174,2268,882,6095,3286,CC45,0,0
sd_0006,2100,6345582,CC45,275,CC395,264,CC10,224,CC30,221,CC398/CC5561,215,781,239,416,176,2481,902,6352,3377,CC45,0,0
sd_0006,2200,6668832,CC45,275,CC395,263,CC10,225,CC30,222,CC398/CC5561,215,797,242,425,177,2490,908,6696,3475,CC45,0,0
sd_0006,2300,6993243,CC45,276,CC395,265,CC10,228,CC30,225,CC398/CC5561,217,825,245,436,181,2520,922,6910,3561,CC45,0,0
sd_0006,2400,7298663,CC45,280,CC395,269,CC10,230,CC30,228,CC398/CC5561,221,893,250,464,185,2663,940,7194,3676,CC45,0,0
sd_0006,2500,7625455,CC45,283,CC395,272,CC10,231,CC30,231,CC398/CC5561,223,913,253,470,185,2691,952,7532,3766,CC45,0,0
sd_0006,2600,7910261,CC45,283,CC395,272,CC10,231,CC30,228,CC398/CC5561,224,920,254,485,192,2709,960,7900,3866,CC45,0,0
sd_0006,2700,8229014,CC45,284,CC395,273,CC10,232,CC30,229,CC398/CC5561,224,947,256,501,195,2753,985,8254,3948,CC45,0,0
sd_0006,2800,8507088,CC45,287,CC395,276,CC10,235,CC30,232,CC398/CC5561,226,956,256,514,199,2781,1003,8494,4028,CC45,0,0
sd_0006,2900,8817678,CC45,288,CC395,277,CC10,236,CC30,233,CC398/CC5561,226,976,259,526,202,2792,1010,8806,4119,CC45,0,0
sd_0006,3000,9106163,CC45,288,CC395,277,CC10,236,CC30,233,CC398/CC5561,226,1031,266,540,202,2883,1012,9081,4179,CC45,0,0
sd_0006,3100,9402099,CC45,289,CC395,278,CC10,236,CC30,234,CC398/CC5561,226,1052,266,550,204,2906,1025,9551,4336,CC45,0,0
sd_0006,3200,9693396,CC45,289,CC395,278,CC10,236,CC30,234,CC398/CC5561,226,1071,269,566,208,2989,1060,9774,4416,CC45,0,0
sd_0006,3300,10014426,CC45,289,CC395,278,CC10,235,CC30,234,CC398/CC5561,226,1139,272,605,211,3186,1077,10077,4491,CC45,0,0
sd_0006,3400,10331536,CC45,288,CC395,278,CC10,234,CC30,234,CC398/CC5561,225,1161,275,630,219,3375,1145,10586,4616,CC45,0,0
sd_0006,3500,10644988,CC45,288,CC395,278,CC10,234,CC30,233,CC398/CC5561,224,1180,277,641,222,3405,1152,10859,4680,CC45,0,0
sd_0006,3600,10922727,CC45,288,CC395,279,CC10,233,CC30,233,CC398/CC5561,226,1245,287,675,226,3687,1155,11075,4764,CC45,0,0
sd_0006,3700,11240994,CC45,287,CC395,278,CC10,230,CC30,230,CC398/CC5561,225,1264,290,684,229,3738,1190,11417,4878,CC45,0,0
sd_0006,3800,11553522,CC45,289,CC395,280,CC10,231,CC30,231,CC398/CC5561,227,1284,295,700,233,3794,1234,11855,5012,CC45,0,0
sd_0006,3900,11853033,CC45,291,CC395,282,CC30,233,CC10,231,CC398/CC5561,228,1324,302,735,235,4038,1241,12254,5052,CC45,0,0
sd_0006,4000,12140183,CC45,291,CC395,283,CC30,233,CC10,231,CC398/CC5561,228,1333,303,749,235,4054,1241,12549,5130,CC45,0,0
sd_0006,4100,12458968,CC45,292,CC395,283,CC30,233,CC10,232,CC398/CC5561,229,1375,306,764,239,4172,1271,12756,5182,CC45,0,0
sd_0006,4200,12777351,CC45,289,CC395,281,CC10,230,CC30,230,CC398/CC5561,226,1406,308,791,243,4391,1295,13150,5251,CC45,0,0
sd_0006,4300,13085091,CC45,290,CC395,282,CC10,230,CC30,230,CC398/CC5561,226,1449,310,811,243,4462,1302,13549,5291,CC45,0,0
sd_0006,4400,13365803,CC45,289,CC395,281,CC10,230,CC30,230,CC398/CC5561,226,1461,313,821,244,4500,1314,13800,5320,CC45,0,0
sd_0006,4500,13655119,CC45,289,CC395,281,CC10,230,CC30,230,CC398/CC5561,226,1507,316,845,244,4640,1324,14126,5384,CC45,0,0
sd_0006,4600,13955161,CC45,289,CC395,281,CC10,230,CC30,230,CC398/CC5561,226,1530,321,856,248,4691,1353,14486,5466,CC45,0,0
sd_0006,4700,14247472,CC45,292,CC395,283,CC10,231,CC30,231,CC398/CC5561,227,1602,322,882,249,4832,1366,14944,5608,CC45,0,0
sd_0006,4800,14563669,CC45,292,CC395,283,CC10,231,CC30,231,CC398/CC5561,227,1626,323,894,251,4883,1373,15294,5652,CC45,0,0
sd_0006,4900,14886640,CC45,292,CC395,283,CC30,233,CC10,232,CC398/CC5561,229,1640,326,902,254,4907,1376,15705,5756,CC45,0,0
sd_0006,5000,15194389,CC45,292,CC395,283,CC30,233,CC10,232,CC398/CC5561,229,1660,328,910,254,4918,1376,16173,5914,CC45,0,0
sd_0006,5100,15523471,CC45,292,CC395,283,CC30,234,CC10,232,CC398/CC5561,229,1710,329,944,255,5128,1379,16462,5981,CC45,0,0
sd_0006,5200,15839108,CC45,291,CC395,282,CC30,234,CC10,231,CC398/CC5561,228,1757,334,974,259,5205,1397,16676,6022,CC45,0,0
sd_0006,5300,16131928,CC45,292,CC395,283,CC30,236,CC10,233,CC398/CC5561,230,1773,338,992,264,5236,1409,17061,6087,CC45,0,0
sd_0006,5400,16419137,CC45,292,CC395,283,CC30,237,CC10,234,CC398/CC5561,231,1814,341,1021,264,5445,1410,17488,6192,CC45,0,0
sd_0006,5500,16737978,CC45,294,CC395,285,CC30,238,CC10,235,CC398/CC5561,233,1854,344,1033,264,5511,1422,17804,6249,CC45,0,0
sd_0006,5600,17061398,CC45,294,CC395,285,CC30,238,CC10,235,CC398/CC5561,233,1865,344,1034,264,5523,1423,18080,6294,CC45,0,0
sd_0006,5700,17392885,CC45,293,CC395,284,CC30,237,CC10,235,CC398/CC5561,232,1933,346,1077,266,5738,1425,18470,6402,CC45,0,0
sd_0006,5800,17698579,CC45,294,CC395,285,CC30,239,CC10,236,CC398/CC5561,232,1946,346,1088,267,5766,1425,18689,6451,CC45,0,0
sd_0006,5900,17995648,CC45,295,CC395,286,CC30,240,CC10,237,CC398/CC5561,233,1958,347,1101,270,5798,1437,19091,6533,CC45,0,0
sd_0006,6000,18302587,CC45,294,CC395,284,CC30,240,CC10,236,CC398/CC5561,232,1988,347,1132,273,6103,1452,19576,6626,CC45,0,0
sd_0006,6100,18622190,CC45,294,CC395,284,CC30,240,CC10,236,CC398/CC5561,232,1998,349,1137,273,6129,1454,19822,6676,CC45,0,0
sd_0006,6104,18632460,CC45,294,CC395,284,CC30,240,CC10,236,CC398/CC5561,232,1998,349,1138,273,6129,1454,19853,6677,CC45,0,0
sd_0007,100,304803,CC45,35,CC395,30,CC121,29,CC130,25,CC1943,24,26,24,12,11,54,53,328,324,CC45,0,0
sd_0007,200,597848,CC45,75,CC395,67,CC398/CC5561,57,CC121,56,CC30,56,75,69,27,24,71,68,722,622,CC45,0,0
sd_0007,300,911164,CC45,102,CC395,92,CC398/CC5561,79,CC121,78,CC30,78,97,81,48,42,125,116,976,842,CC45,0,0
sd_0007,400,1244618,CC45,129,CC395,116,CC30,99,CC398/CC5561,98,CC121,95,109,85,58,48,169,157,1394,1121,CC45,0,0
sd_0007,500,1557612,CC45,145,CC395,131,CC30,110,CC398/CC5561,108,CC121,107,121,88,77,59,237,209,1706,1317,CC45,0,0
sd_0007,600,1871546,CC45,172,CC395,157,CC121,127,CC398/CC5561,127,CC30,126,131,95,86,62,269,211,2014,1531,CC45,0,0
sd_0007,700,2167273,CC45,189,CC395,174,CC121,143,CC30,139,CC398/CC5561,137,141,98,98,67,283,218,2450,1758,CC45,0,0
sd_0007,800,2476502,CC45,205,CC395,188,CC30,153,CC121,152,CC398/CC5561,147,159,109,109,72,343,267,2862,1961,CC45,0,0
sd_0007,900,2761419,CC45,216,CC395,198,CC30,161,CC121,160,CC398/CC5561,156,182,119,125,84,430,340,3345,2266,CC45,0,0
sd_0007,1000,3053069,CC45,223,CC395,205,CC121,165,CC30,164,CC398/CC5561,160,189,123,139,92,475,381,3631,2434,CC45,0,0
sd_0007,1100,3355876,CC45,231,CC395,213,CC30,171,CC121,169,CC398/CC5561,166,200,131,151,94,510,394,4037,2574,CC45,0,0
sd_0007,1200,3656544,CC45,242,CC395,224,CC121,179,CC30,179,CC398/CC5561,175,221,136,161,98,576,412,4445,2717,CC45,0,0
sd_0007,1300,3967484,CC45,245,CC395,227,CC121,183,CC30,181,CC398/CC5561,177,247,140,188,116,742,531,4655,2783,CC45,0,0
sd_0007,1400,4254116,CC45,251,CC395,233,CC121,186,CC30,186,CC10,180,261,146,198,120,757,536,4951,2881,CC45,0,0
sd_0007,1500,4556209,CC45,255,CC395,237,CC30,189,CC121,187,CC398/CC5561,183,269,151,212,123,773,549,5339,3019,CC45,0,0
sd_0007,1600,4843490,CC45,261,CC395,244,CC30,193,CC121,192,CC10,188,290,156,228,128,883,566,5633,3120,CC45,0,0
sd_0007,1700,5162680,CC45,270,CC395,253,CC30,200,CC121,197,CC10,195,316,163,235,129,906,584,5998,3200,CC45,0,0
sd_0007,1800,5475004,CC45,273,CC395,256,CC30,202,CC121,198,CC10,197,369,178,249,129,974,611,6386,3330,CC45,0,0
sd_0007,1900,5756432,CC45,276,CC395,260,CC30,202,CC10,200,CC121,200,383,181,269,134,992,613,6539,3400,CC45,0,0
sd_0007,2000,6070194,CC45,279,CC395,263,CC30,205,CC121,203,CC10,202,408,184,290,138,1059,626,6913,3550,CC45,0,0
sd_0007,2100,6364148,CC45,279,CC395,264,CC30,205,CC121,204,CC398/CC5561,202,420,186,298,142,1094,633,7193,3661,CC45,0,0
sd_0007,2200,6661029,CC45,284,CC395,267,CC121,207,CC30,207,CC398/CC5561,206,441,192,314,145,1128,639,7468,3781,CC45,0,0
sd_0007,2300,6953901,CC45,291,CC395,274,CC30,214,CC398/CC5561,212,CC121,211,450,193,326,146,1202,640,7956,3869,CC45,0,0
sd_0007,2400,7251397,CC45,294,CC395,276,CC30,214,CC10,213,CC121,213,467,195,336,148,1227,654,8315,4007,CC45,0,0
sd_0007,2500,7564572,CC45,294,CC395,276,CC30,214,CC10,213,CC121,213,483,198,353,151,1254,660,8622,4099,CC45,0,0
sd_0007,2600,7838425,CC45,296,CC395,278,CC30,215,CC10,214,CC121,214,503,201,370,155,1315,675,8891,4212,CC45,0,0
sd_0007,2700,8150906,CC45,296,CC395,278,CC30,215,CC10,214,CC121,214,520,204,376,157,1325,675,9260,4291,CC45,0,0
sd_0007,2800,8435649,CC45,297,CC395,279,CC121,215,CC30,215,CC10,213,537,212,389,159,1335,678,9562,4437,CC45,0,0
sd_0007,2900,8744532,CC45,302,CC395,284,CC30,218,CC121,217,CC10,216,576,220,400,164,1424,702,9921,4516,CC45,0,0
sd_0007,3000,9024304,CC45,306,CC395,288,CC30,221,CC121,220,CC10,219,596,223,413,166,1475,715,10123,4535,CC45,0,0
sd_0007,3100,9362872,CC45,308,CC395,290,CC30,224,CC10,222,CC121,222,607,225,423,170,1513,752,10322,4595,CC45,0,0
sd_0007,3200,9662672,CC45,309,CC395,290,CC30,226,CC121,223,CC10,222,624,227,437,172,1595,778,10551,4609,CC45,0,0
sd_0007,3300,9976028,CC45,311,CC395,292,CC30,228,CC121,224,CC10,222,633,228,454,180,1652,794,10875,4721,CC45,0,0
sd_0007,3400,10276398,CC45,311,CC395,292,CC30,227,CC121,223,CC10,222,642,228,470,184,1724,819,11123,4779,CC45,0,0
sd_0007,3500,10587988,CC45,311,CC395,292,CC30,227,CC121,223,CC10,222,686,232,485,186,1864,837,11334,4847,CC45,0,0
sd_0007,3600,10881068,CC45,313,CC395,294,CC30,228,CC121,223,CC10,222,704,237,493,187,1911,844,11623,4891,CC45,0,0
sd_0007,3700,11144861,CC45,313,CC395,294,CC30,229,CC121,224,CC10,223,720,238,500,189,1958,857,11971,5028,CC45,0,0
sd_0007,3800,11443791,CC45,313,CC395,294,CC30,230,CC121,224,CC10,223,723,238,506,190,1977,858,12213,5097,CC45,0,0
sd_0007,3900,11796030,CC45,313,CC395,294,CC30,231,CC121,225,CC10,224,740,240,512,193,2008,884,12526,5157,CC45,0,0
sd_0007,4000,12075835,CC45,313,CC395,294,CC30,231,CC121,225,CC10,224,758,241,540,197,2061,888,12877,5199,CC45,0,0
sd_0007,4100,12389144,CC45,313,CC395,295,CC30,231,CC10,224,CC121,224,774,244,552,200,2139,907,13082,5229,CC45,0,0
sd_0007,4200,12676461,CC45,315,CC395,297,CC30,232,CC10,225,CC121,225,777,244,569,204,2185,931,13475,5339,CC45,0,0
sd_0007,4300,12976621,CC45,314,CC395,296,CC30,232,CC10,225,CC121,225,793,248,580,206,2218,955,13858,5457,CC45,0,0
sd_0007,4400,13260329,CC45,316,CC395,297,CC30,232,CC10,225,CC121,225,799,251,588,208,2242,971,14203,5527,CC45,0,0
sd_0007,4500,13571892,CC45,316,CC395,297,CC30,232,CC10,225,CC121,225,816,253,594,209,2279,972,14553,5604,CC45,0,0
sd_0007,4600,13873364,CC45,319,CC395,299,CC30,234,CC121,228,CC10,227,835,259,610,212,2300,974,14861,5634,CC45,0,0
sd_0007,4700,14172885,CC45,318,CC395,298,CC30,233,CC121,227,CC10,226,843,260,622,217,2320,989,15212,5685,CC45,0,0
sd_0007,4800,14461310,CC45,319,CC395,299,CC30,234,CC10,227,CC121,227,859,263,632,218,2357,992,15502,5722,CC45,0,0
sd_0007,4900,14789511,CC45,319,CC395,299,CC30,234,CC10,227,CC121,227,889,269,638,219,2392,995,15837,5815,CC45,0,0
sd_0007,5000,15078794,CC45,321,CC395,301,CC30,235,CC10,229,CC121,229,902,273,647,222,2417,1010,16131,5887,CC45,0,0
sd_0007,5100,15363940,CC45,321,CC395,301,CC30,235,CC10,230,CC121,230,967,277,657,225,2468,1036,16487,5920,CC45,0,0
sd_0007,5200,15633833,CC45,321,CC395,301,CC30,235,CC10,230,CC121,230,986,282,674,228,2537,1074,16874,5959,CC45,0,0
sd_0007,5300,15924267,CC45,322,CC395,302,CC30,236,CC10,231,CC121,231,1007,288,686,230,2618,1102,17259,6056,CC45,0,0
sd_0007,5400,16211470,CC45,320,CC395,300,CC30,235,CC121,232,CC10,229,1023,291,694,231,2690,1122,17533,6107,CC45,0,0
sd_0007,5500,16534833,CC45,320,CC395,300,CC30,235,CC121,233,CC10,229,1066,293,707,233,2715,1125,17816,6204,CC45,0,0
sd_0007,5600,16824154,CC45,321,CC395,301,CC30,235,CC121,233,CC10,230,1087,297,718,236,2781,1131,18152,6269,CC45,0,0
sd_0007,5700,17130553,CC45,322,CC395,302,CC30,235,CC121,233,CC10,230,1111,300,730,238,2834,1157,18588,6319,CC45,0,0
sd_0007,5800,17446119,CC45,323,CC395,303,CC30,236,CC121,233,CC10,231,1140,302,746,240,2908,1183,18895,6352,CC45,0,0
sd_0007,5900,17776926,CC45,322,CC395,302,CC30,235,CC121,232,CC10,230,1153,305,759,241,2949,1186,19167,6382,CC45,0,0
sd_0007,6000,18108933,CC45,321,CC395,300,CC30,234,CC121,231,CC10,228,1164,308,777,244,3007,1214,19366,6389,CC45,0,0
sd_0007,6037,18225703,CC45,322,CC395,301,CC30,234,CC121,232,CC10,229,1166,308,780,244,3008,1214,19511,6399,CC45,0,0
sd_0008,100,313551,CC8,50,CC772/CC834,41,CC12,36,CC779,36,CC1,34,6,6,15,15,5,5,372,362,CC8,0,0
sd_0008,200,628924,CC8,78,CC772/CC834,61,CC12,57,CC1,55,CC71,55,29,25,30,23,70,65,720,640,CC8,0,0
sd_0008,300,952183,CC8,99,CC772/CC834,78,CC12,77,CC1,75,CC80,71,100,82,57,47,483,438,1043,899,CC8,0,0
sd_0008,400,1280291,CC8,121,CC772/CC834,95,CC12,94,CC1,90,CC80,88,130,102,80,59,729,593,1484,1219,CC8,0,0
sd_0008,500,1628816,CC8,139,CC772/CC834,111,CC12,109,CC1,107,CC80,103,145,113,92,69,779,628,1812,1407,CC8,0,0
sd_0008,600,1979589,CC8,165,CC772/CC834,134,CC12,132,CC1,130,CC80,126,161,117,104,79,797,641,2284,1734,CC8,0,0
sd_0008,700,2263304,CC8,181,CC772/CC834,143,CC12,142,CC1,138,CC80,137,169,120,116,87,806,647,2547,1884,CC8,0,0
sd_0008,800,2576257,CC8,199,CC772/CC834,157,CC12,155,CC1,151,CC15,150,178,124,123,90,842,681,2892,1956,CC8,0,0
sd_0008,900,2913906,CC8,218,CC772/CC834,171,CC12,169,CC1,164,CC96,164,226,143,157,97,1072,717,3243,2090,CC8,0,0
sd_0008,1000,3214200,CC8,228,CC12,178,CC772/CC834,178,CC96,172,CC15,171,266,155,166,100,1115,718,3683,2376,CC8,0,0
sd_0008,1100,3522584,CC8,239,CC12,186,CC772/CC834,185,CC96,181,CC15,180,317,157,196,111,1365,776,4003,2467,CC8,0,0
sd_0008,1200,3875704,CC8,248,CC12,195,CC772/CC834,193,CC96,188,CC15,187,365,169,210,120,1430,811,4303,2569,CC8,0,0
sd_0008,1300,4182044,CC8,256,CC12,202,CC772/CC834,198,CC1,195,CC96,195,390,176,223,126,1478,824,4720,2707,CC8,0,0
sd_0008,1400,4520800,CC8,267,CC12,208,CC772/CC834,207,CC1,202,CC5,202,416,180,280,133,1906,847,5122,2829,CC8,0,0
sd_0008,1500,4829019,CC8,269,CC12,209,CC772/CC834,207,CC5,203,CC71,202,422,183,295,141,1943,869,5487,2943,CC8,0,0
sd_0008,1600,5146952,CC8,274,CC12,215,CC772/CC834,212,CC15,208,CC5,208,501,193,321,147,2227,888,5947,3104,CC8,0,0
sd_0008,1700,5444310,CC8,285,CC12,226,CC772/CC834,221,CC5,218,CC15,217,549,202,362,153,2650,905,6208,3187,CC8,0,0
sd_0008,1800,5761275,CC8,294,CC12,232,CC772/CC834,227,CC5,224,CC1,223,559,205,376,157,2662,907,6502,3288,CC8,0,0
sd_0008,1900,6099964,CC8,297,CC12,233,CC772/CC834,228,CC5,227,CC1,226,582,208,387,157,2711,907,6883,3432,CC8,0,0
sd_0008,2000,6418485,CC8,304,CC12,238,CC5,233,CC772/CC834,233,CC1,231,616,219,417,159,2912,913,7195,3525,CC8,0,0
sd_0008,2100,6732579,CC8,311,CC12,243,CC5,240,CC1,238,CC772/CC834,238,651,222,432,161,2939,919,7573,3619,CC8,0,0
sd_0008,2200,7031605,CC8,311,CC12,243,CC5,240,CC1,238,CC772/CC834,238,677,224,468,169,3213,959,8026,3807,CC8,0,0
sd_0008,2300,7330263,CC8,312,CC12,242,CC5,240,CC1,238,CC772/CC834,237,690,225,486,177,3306,1023,8464,3899,CC8,0,0
sd_0008,2400,7658884,CC8,313,CC12,244,CC5,240,CC1,239,CC772/CC834,238,706,232,497,178,3327,1023,8714,3982,CC8,0,0
sd_0008,2500,7976562,CC8,315,CC12,245,CC5,241,CC1,240,CC772/CC834,239,762,238,518,181,3599,1046,9062,4091,CC8,0,0
sd_0008,2600,8284239,CC8,316,CC12,245,CC1,241,CC5,241,CC772/CC834,240,778,242,533,187,3650,1064,9520,4195,CC8,0,0
sd_0008,2700,8589128,CC8,318,CC12,246,CC5,243,CC1,241,CC71,241,796,243,537,189,3672,1077,9744,4250,CC8,0,0
sd_0008,2800,8884843,CC8,317,CC12,245,CC5,242,CC1,240,CC71,240,813,249,559,193,3827,1115,10041,4353,CC8,0,0
sd_0008,2900,9191926,CC8,317,CC12,245,CC5,242,CC71,240,CC772/CC834,240,892,260,581,193,4121,1148,10252,4393,CC8,0,0
sd_0008,3000,9505948,CC8,319,CC12,247,CC5,243,CC71,242,CC772/CC834,241,985,266,605,193,4370,1152,10718,4458,CC8,0,0
sd_0008,3100,9824920,CC8,319,CC12,247,CC5,243,CC71,242,CC772/CC834,241,1003,269,628,199,4407,1169,11139,4529,CC8,0,0
sd_0008,3200,10118112,CC8,322,CC12,249,CC5,245,CC71,245,CC772/CC834,243,1041,274,643,200,4584,1170,11488,4670,CC8,0,0
sd_0008,3300,10434918,CC8,324,CC12,250,CC5,246,CC71,246,CC772/CC834,243,1091,280,677,209,4953,1231,11857,4789,CC8,0,0
sd_0008,3400,10758567,CC8,329,CC12,252,CC5,250,CC71,248,CC772/CC834,247,1110,281,688,210,4996,1232,12235,4853,CC8,0,0
sd_0008,3500,11092430,CC8,330,CC12,253,CC5,251,CC71,249,CC772/CC834,248,1130,284,706,212,5016,1232,12757,5004,CC8,0,0
sd_0008,3600,11409871,CC8,330,CC12,252,CC5,250,CC71,248,CC772/CC834,248,1174,287,731,217,5161,1245,13166,5088,CC8,0,0
sd_0008,3700,11714917,CC8,331,CC12,252,CC5,251,CC71,249,CC1,248,1197,288,752,221,5273,1258,13479,5140,CC8,0,0
sd_0008,3800,12021908,CC8,333,CC12,254,CC5,252,CC71,251,CC1,250,1220,290,766,223,5326,1265,13710,5160,CC8,0,0
sd_0008,3900,12338179,CC8,333,CC12,254,CC5,252,CC71,251,CC772/CC834,250,1239,292,776,223,5367,1265,14103,5212,CC8,0,0
sd_0008,4000,12676193,CC8,333,CC12,254,CC5,252,CC71,251,CC772/CC834,250,1257,293,798,226,5464,1278,14533,5321,CC8,0,0
sd_0008,4100,12999580,CC8,332,CC12,254,CC5,253,CC71,251,CC1,250,1275,301,816,229,5531,1297,14999,5427,CC8,0,0
sd_0008,4200,13330834,CC8,331,CC12,253,CC5,252,CC71,251,CC1,249,1345,304,833,229,5662,1300,15505,5552,CC8,0,0
sd_0008,4300,13657231,CC8,333,CC12,255,CC5,253,CC71,252,CC1,251,1362,306,842,229,5713,1319,15972,5622,CC8,0,0
sd_0008,4400,13980292,CC8,333,CC12,255,CC5,253,CC71,252,CC1,251,1397,314,877,231,5969,1334,16343,5693,CC8,0,0
sd_0008,4500,14317139,CC8,334,CC12,256,CC5,254,CC71,253,CC1,252,1447,318,887,232,6099,1338,16628,5753,CC8,0,0
sd_0008,4600,14647097,CC8,336,CC12,258,CC5,256,CC71,255,CC1,254,1463,321,906,239,6164,1343,16970,5764,CC8,0,0
sd_0008,4700,14974448,CC8,335,CC12,257,CC5,255,CC71,254,CC1,253,1477,322,915,240,6185,1344,17241,5814,CC8,0,0
sd_0008,4800,15294584,CC8,335,CC12,257,CC5,254,CC1,253,CC71,253,1492,322,918,241,6205,1346,17671,5874,CC8,0,0
sd_0008,4900,15643063,CC8,335,CC12,257,CC5,254,CC1,253,CC71,253,1506,322,937,245,6271,1360,18057,5954,CC8,0,0
sd_0008,5000,15972765,CC8,337,CC12,259,CC5,256,CC1,255,CC71,255,1535,328,956,246,6307,1366,18453,6005,CC8,0,0
sd_0008,5100,16275903,CC8,337,CC12,259,CC5,256,CC1,255,CC71,255,1628,328,981,249,6529,1399,18824,6111,CC8,0,0
sd_0008,5200,16607761,CC8,337,CC12,259,CC5,256,CC1,255,CC71,255,1702,332,1001,255,6854,1403,19317,6181,CC8,0,0
sd_0008,5300,16922139,CC8,337,CC12,259,CC5,256,CC1,255,CC71,255,1728,337,1010,260,6925,1454,19716,6211,CC8,0,0
sd_0008,5400,17260334,CC8,338,CC12,261,CC5,258,CC1,257,CC71,256,1794,348,1021,263,7124,1491,20024,6247,CC8,0,0
sd_0008,5500,17599573,CC8,337,CC12,260,CC5,257,CC1,256,CC71,255,1811,350,1033,266,7134,1494,20380,6308,CC8,0,0
sd_0008,5600,17918936,CC8,337,CC12,260,CC5,257,CC1,256,CC71,255,1831,353,1042,268,7190,1506,20719,6375,CC8,0,0
sd_0008,5700,18232571,CC8,337,CC12,260,CC5,257,CC1,256,CC772/CC834,256,1857,359,1047,270,7226,1528,21037,6474,CC8,0,0
sd_0008,5800,18562292,CC8,336,CC12,259,CC5,256,CC772/CC834,256,CC1,255,1873,362,1058,270,7241,1529,21401,6475,CC8,0,0
sd_0008,5900,18854001,CC8,337,CC12,260,CC5,257,CC1,256,CC772/CC834,256,1890,365,1068,270,7256,1531,21702,6515,CC8,0,0
sd_0008,6000,19164336,CC8,337,CC12,260,CC5,257,CC1,256,CC772/CC834,256,1912,367,1083,273,7296,1534,22008,6549,CC8,0,0
sd_0008,6100,19518322,CC8,337,CC12,260,CC5,258,CC1,256,CC772/CC834,256,1926,371,1098,276,7326,1545,22274,6589,CC8,0,0
sd_0008,6200,19863490,CC8,337,CC12,260,CC5,258,CC1,256,CC772/CC834,256,1939,372,1112,277,7382,1559,22811,6630,CC8,0,0
sd_0008,6300,20164128,CC8,337,CC12,260,CC5,258,CC1,256,CC772/CC834,256,1957,377,1125,284,7402,1575,23175,6728,CC8,0,0
sd_0008,6391,20425636,CC8,337,CC12,260,CC5,258,CC1,256,CC772/CC834,256,1975,379,1133,286,7423,1587,23547,6770,CC8,0,0
sd_0009,100,310576,CC8,32,CC101,25,CC5,25,CC772/CC834,25,CC71,24,9,8,9,9,71,71,330,300,CC8,0,0
sd_0009,200,627245,CC8,61,CC101,46,CC12,45,CC71,45,CC1,43,26,25,23,23,97,97,597,547,CC8,0,0
sd_0009,300,964506,CC8,89,CC101,72,CC1,70,CC12,69,CC5,68,73,62,44,39,180,168,1354,1105,CC8,0,0
sd_0009,400,1296552,CC8,117,CC1,95,CC71,92,CC12,89,CC101,88,95,74,57,48,254,229,1648,1287,CC8,0,0
sd_0009,500,1652512,CC8,163,CC12,131,CC5,131,CC1,130,CC71,126,141,92,70,55,310,260,1902,1432,CC8,0,0
sd_0009,600,2000474,CC8,179,CC12,144,CC5,143,CC1,139,CC71,137,148,96,73,58,321,267,2318,1736,CC8,0,0
sd_0009,700,2294503,CC8,203,CC5,161,CC12,158,CC1,152,CC71,151,157,101,87,68,395,303,2803,1982,CC8,0,0
sd_0009,800,2622281,CC8,211,CC5,167,CC12,164,CC1,159,CC71,156,180,115,95,75,413,319,3009,2068,CC8,0,0
sd_0009,900,2953292,CC8,222,CC5,174,CC12,172,CC1,166,CC72,166,199,124,107,85,510,414,3381,2251,CC8,0,0
sd_0009,1000,3261116,CC8,238,CC12,186,CC5,186,CC1,182,CC71,180,258,137,124,97,596,465,3711,2365,CC8,0,0
sd_0009,1100,3583081,CC8,245,CC12,193,CC5,193,CC1,188,CC71,186,276,140,131,102,616,478,4099,2497,CC8,0,0
sd_0009,1200,3917374,CC8,251,CC5,198,CC12,197,CC1,192,CC71,190,288,145,140,105,631,485,4231,2549,CC8,0,0
sd_0009,1300,4224929,CC8,262,CC5,206,CC12,200,CC1,199,CC71,199,330,164,160,110,675,493,4665,2698,CC8,0,0
sd_0009,1400,4555283,CC8,264,CC5,206,CC1,201,CC12,201,CC71,199,358,169,183,123,747,504,5085,2865,CC8,0,0
sd_0009,1500,4887901,CC8,274,CC5,213,CC1,209,CC12,208,CC71,208,373,174,194,126,764,511,5383,2952,CC8,0,0
sd_0009,1600,5184608,CC8,277,CC5,213,CC1,211,CC12,210,CC71,209,390,180,204,129,774,516,5598,3039,CC8,0,0
sd_0009,1700,5497697,CC8,283,CC5,216,CC1,214,CC12,214,CC772/CC834,213,405,186,221,133,817,522,5918,3136,CC8,0,0
sd_0009,1800,5824689,CC8,287,CC5,220,CC1,218,CC12,218,CC772/CC834,217,415,191,247,141,880,538,6396,3287,CC8,0,0
sd_0009,1900,6140976,CC8,288,CC5,222,CC1,220,CC12,219,CC772/CC834,219,456,198,258,144,971,601,6790,3406,CC8,0,0
sd_0009,2000,6463508,CC8,291,CC5,225,CC1,223,CC12,223,CC772/CC834,222,504,211,265,146,1002,621,7218,3588,CC8,0,0
sd_0009,2100,6781464,CC8,297,CC5,229,CC1,227,CC12,227,CC772/CC834,226,565,231,287,158,1272,813,7551,3725,CC8,0,0
sd_0009,2200,7080828,CC8,300,CC12,231,CC5,231,CC1,230,CC772/CC834,228,596,237,297,161,1303,836,8013,3861,CC8,0,0
sd_0009,2300,7396239,CC8,307,CC12,238,CC1,236,CC5,235,CC772/CC834,234,628,241,317,171,1462,932,8497,4069,CC8,0,0
sd_0009,2400,7742231,CC8,307,CC12,239,CC1,236,CC5,235,CC772/CC834,235,697,247,341,173,1756,998,8906,4181,CC8,0,0
sd_0009,2500,8055014,CC8,312,CC12,241,CC1,240,CC5,240,CC772/CC834,239,718,250,351,175,1807,1014,9136,4242,CC8,0,0
sd_0009,2600,8361532,CC8,315,CC1,243,CC12,242,CC5,242,CC772/CC834,240,734,254,366,179,1858,1041,9497,4328,CC8,0,0
sd_0009,2700,8692123,CC8,316,CC1,244,CC5,244,CC12,243,CC772/CC834,241,755,256,387,185,1885,1050,9891,4506,CC8,0,0
sd_0009,2800,9001830,CC8,320,CC12,247,CC1,246,CC5,245,CC772/CC834,243,764,259,413,195,1946,1081,10267,4589,CC8,0,0
sd_0009,2900,9317907,CC8,319,CC12,246,CC1,244,CC5,244,CC772/CC834,242,800,263,436,199,2153,1125,10566,4610,CC8,0,0
sd_0009,3000,9647889,CC8,319,CC12,246,CC1,244,CC5,244,CC772/CC834,242,856,265,445,206,2273,1165,10862,4704,CC8,0,0
sd_0009,3100,9962769,CC8,323,CC12,249,CC1,248,CC5,248,CC772/CC834,247,887,265,465,212,2469,1212,11177,4774,CC8,0,0
sd_0009,3200,10252242,CC8,323,CC12,249,CC1,248,CC5,248,CC772/CC834,247,971,267,504,215,2873,1240,11450,4885,CC8,0,0
sd_0009,3300,10580026,CC8,324,CC1,250,CC12,250,CC5,250,CC772/CC834,248,1014,268,533,217,3090,1246,12182,4994,CC8,0,0
sd_0009,3400,10907940,CC8,325,CC1,251,CC12,251,CC5,251,CC772/CC834,249,1028,271,541,219,3096,1248,12495,5063,CC8,0,0
sd_0009,3500,11241374,CC8,325,CC12,251,CC5,251,CC1,250,CC772/CC834,249,1039,273,549,221,3106,1254,12780,5116,CC8,0,0
sd_0009,3600,11579784,CC8,325,CC12,251,CC5,251,CC1,250,CC772/CC834,249,1075,277,570,223,3228,1267,13076,5176,CC8,0,0
sd_0009,3700,11892376,CC8,324,CC12,250,CC5,250,CC1,249,CC772/CC834,248,1106,277,592,225,3328,1268,13404,5228,CC8,0,0
sd_0009,3800,12189119,CC8,324,CC12,250,CC5,250,CC1,249,CC772/CC834,248,1193,284,605,226,3502,1282,13711,5344,CC8,0,0
sd_0009,3900,12507714,CC8,327,CC12,252,CC5,252,CC1,251,CC772/CC834,249,1229,286,618,227,3724,1297,14191,5413,CC8,0,0
sd_0009,4000,12849870,CC8,330,CC1,254,CC12,254,CC5,254,CC772/CC834,252,1236,288,631,229,3734,1298,14795,5583,CC8,0,0
sd_0009,4100,13147309,CC8,332,CC12,256,CC1,254,CC5,254,CC772/CC834,253,1270,289,641,232,3817,1305,15226,5673,CC8,0,0
sd_0009,4200,13475918,CC8,331,CC12,255,CC5,254,CC1,253,CC772/CC834,252,1292,294,653,232,3832,1309,15574,5771,CC8,0,0
sd_0009,4300,13776375,CC8,329,CC5,253,CC12,252,CC1,250,CC772/CC834,249,1323,301,665,234,3936,1327,15969,5832,CC8,0,0
sd_0009,4400,14122461,CC8,329,CC5,253,CC12,252,CC1,250,CC772/CC834,249,1334,305,673,236,3964,1342,16200,5874,CC8,0,0
sd_0009,4500,14459955,CC8,329,CC5,253,CC12,252,CC1,250,CC772/CC834,249,1352,310,684,238,4028,1362,16502,5884,CC8,0,0
sd_0009,4600,14811053,CC8,330,CC5,254,CC12,253,CC1,251,CC772/CC834,250,1383,312,696,238,4087,1363,16808,5938,CC8,0,0
sd_0009,4700,15138767,CC8,332,CC5,256,CC12,255,CC1,253,CC772/CC834,252,1421,317,726,241,4265,1378,17121,5993,CC8,0,0
sd_0009,4800,15412062,CC8,333,CC5,257,CC1,254,CC12,254,CC772/CC834,253,1431,321,738,243,4286,1379,17480,6065,CC8,0,0
sd_0009,4900,15755369,CC8,332,CC5,256,CC12,255,CC1,253,CC772/CC834,252,1448,327,755,245,4303,1383,17848,6133,CC8,0,0
sd_0009,5000,16059574,CC8,333,CC12,256,CC5,255,CC1,254,CC71,252,1513,328,781,250,4629,1390,18075,6189,CC8,0,0
sd_0009,5100,16389722,CC8,333,CC12,256,CC5,255,CC1,254,CC71,252,1569,332,798,250,5000,1393,18374,6260,CC8,0,0
sd_0009,5200,16734099,CC8,333,CC12,256,CC5,255,CC1,254,CC71,252,1600,335,821,250,5189,1397,18556,6287,CC8,0,0
sd_0009,5300,17068941,CC8,333,CC12,256,CC5,255,CC1,254,CC71,252,1623,344,844,254,5263,1417,18766,6291,CC8,0,0
sd_0009,5400,17380577,CC8,333,CC12,256,CC5,255,CC1,254,CC71,252,1648,344,849,255,5292,1418,19274,6357,CC8,0,0
sd_0009,5500,17720837,CC8,334,CC12,257,CC5,256,CC1,255,CC71,253,1785,346,905,256,5819,1421,19677,6397,CC8,0,0
sd_0009,5600,18034726,CC8,334,CC12,257,CC5,256,CC1,255,CC71,253,1803,348,917,256,5870,1422,20102,6427,CC8,0,0
sd_0009,5700,18369123,CC8,333,CC12,256,CC5,255,CC1,254,CC71,252,1869,355,966,259,6254,1444,20454,6495,CC8,0,0
sd_0009,5800,18686289,CC8,335,CC12,258,CC1,256,CC5,256,CC71,254,1893,358,981,259,6331,1450,20828,6562,CC8,0,0
sd_0009,5900,19007273,CC8,335,CC12,258,CC1,256,CC5,256,CC71,254,1961,359,1000,260,6704,1450,21133,6606,CC8,0,0
sd_0009,6000,19313009,CC8,336,CC12,259,CC1,257,CC5,257,CC71,255,2008,362,1015,261,6886,1450,21409,6627,CC8,0,0
sd_0009,6100,19625927,CC8,336,CC12,259,CC1,257,CC5,257,CC71,255,2037,363,1037,261,7033,1450,21953,6702,CC8,0,0
sd_0009,6200,19979493,CC8,336,CC12,259,CC1,257,CC5,256,CC71,255,2096,369,1050,263,7269,1452,22328,6751,CC8,0,0
sd_0009,6300,20323379,CC8,336,CC12,259,CC1,257,CC5,256,CC71,255,2117,370,1077,264,7414,1452,22781,6791,CC8,0,0
sd_0009,6400,20652158,CC8,336,CC12,259,CC1,257,CC5,256,CC71,255,2134,374,1089,266,7421,1453,23091,6839,CC8,0,0
sd_0009,6453,20823831,CC8,336,CC12,259,CC1,257,CC5,256,CC71,255,2137,375,1098,269,7423,1454,23321,6847,CC8,0,0
sd_0010,100,302539,CC1,37,CC20,32,CC772/CC834,30,CC12,29,CC71,29,11,11,7,6,32,32,10561,9594,CC1,1,1
sd_0010,200,612132,CC1,68,CC20,57,CC101,54,CC71,53,CC6,52,551,542,379,372,2091,2078,10903,9694,CC1,1,1
sd_0010,300,941132,CC1,93,CC20,79,CC101,74,CC6,74,CC772/CC834,74,613,561,392,374,2251,2216,11293,9829,CC1,1,1
sd_0010,400,1262673,CC1,116,CC20,96,CC772/CC834,96,CC101,95,CC71,95,914,678,813,627,4133,3326,11581,9919,CC1,1,1
sd_0010,500,1595100,CC1,128,CC20,106,CC772/CC834,106,CC101,104,CC71,103,988,692,829,636,4521,3530,20690,14509,CC1,1,1
sd_0010,600,1918179,CC1,148,CC772/CC834,121,CC20,120,CC101,119,CC15,119,1005,695,842,638,4614,3543,21039,14596,CC1,1,1
sd_0010,700,2204880,CC1,161,CC772/CC834,132,CC20,129,CC12,128,CC15,128,1015,698,852,639,4650,3545,21517,14704,CC1,1,1
sd_0010,800,2520007,CC1,183,CC772/CC834,147,CC20,145,CC12,144,CC15,143,1024,702,872,641,4688,3562,24502,15291,CC1,1,1
sd_0010,900,2836376,CC1,205,CC772/CC834,164,CC12,161,CC15,161,CC20,161,1038,703,891,643,4712,3565,31296,16977,CC1,1,1
sd_0010,1000,3134381,CC1,225,CC772/CC834,182,CC12,179,CC15,177,CC20,176,1047,704,900,645,4764,3577,31620,16988,CC1,1,1
sd_0010,1100,3457661,CC1,241,CC772/CC834,196,CC12,194,CC20,189,CC15,187,1072,713,905,645,4813,3584,32105,17026,CC1,1,1
sd_0010,1200,3775076,CC1,254,CC772/CC834,207,CC12,205,CC20,199,CC15,196,1081,713,911,647,4826,3584,34557,17621,CC1,1,1
sd_0010,1300,4072628,CC1,264,CC12,215,CC772/CC834,215,CC15,205,CC20,205,1163,728,1146,705,6110,3826,34915,17636,CC1,1,1
sd_0010,1400,4382414,CC1,268,CC12,218,CC772/CC834,215,CC15,207,CC20,206,1677,861,1535,756,7593,4041,45222,19251,CC1,1,1
sd_0010,1500,4700776,CC1,275,CC12,222,CC772/CC834,221,CC15,212,CC20,210,1718,861,1559,756,7832,4041,46194,19306,CC1,1,1
sd_0010,1600,5006149,CC1,284,CC12,229,CC772/CC834,226,CC96,216,CC15,215,1809,866,2309,809,10897,4250,47278,19330,CC1,1,1
sd_0010,1700,5323383,CC1,287,CC12,232,CC772/CC834,229,CC96,220,CC15,218,2681,929,3148,829,15049,4352,53115,19715,CC1,1,1
sd_0010,1800,5634433,CC1,294,CC12,239,CC772/CC834,234,CC15,225,CC96,225,3042,933,3552,841,17089,4393,53579,19720,CC1,1,1
sd_0010,1900,5941222,CC1,301,CC12,243,CC772/CC834,238,CC15,231,CC96,231,3055,933,3558,841,17117,4393,54054,19732,CC1,1,1
sd_0010,2000,6251210,CC1,307,CC12,248,CC772/CC834,242,CC96,236,CC15,235,3070,934,3568,841,17140,4393,57134,19757,CC1,1,1
sd_0010,2100,6545972,CC1,314,CC12,254,CC772/CC834,247,CC96,241,CC15,239,3085,934,3580,841,17219,4393,57494,19767,CC1,1,1
sd_0010,2200,6868347,CC1,317,CC12,257,CC772/CC834,250,CC96,244,CC15,241,3120,934,3606,841,17458,4394,57949,19770,CC1,1,1
sd_0010,2300,7154676,CC1,319,CC12,259,CC772/CC834,252,CC96,245,CC15,244,3136,937,3614,841,17493,4394,74006,20310,CC1,1,1
sd_0010,2400,7471685,CC1,323,CC12,262,CC772/CC834,254,CC15,248,CC96,248,3171,937,3628,843,17566,4399,74459,20310,CC1,1,1
sd_0010,2500,7786563,CC1,328,CC12,265,CC772/CC834,256,CC96,251,CC15,250,3236,937,3667,843,18112,4400,74912,20312,CC1,1,1
sd_0010,2600,8069381,CC1,332,CC12,268,CC772/CC834,259,CC96,255,CC15,253,4178,960,4568,847,22000,4400,75420,20313,CC1,1,1
sd_0010,2700,8396689,CC1,334,CC12,269,CC772/CC834,260,CC96,257,CC15,253,4236,960,4590,847,22206,4400,75890,20325,CC1,1,1
sd_0010,2800,8676727,CC1,336,CC12,271,CC772/CC834,262,CC96,259,CC15,255,4680,960,4930,847,23703,4404,76323,20326,CC1,1,1
sd_0010,2900,8984248,CC1,339,CC12,273,CC772/CC834,264,CC96,260,CC15,257,5086,961,5332,847,25570,4415,76603,20331,CC1,1,1
sd_0010,3000,9293927,CC1,338,CC12,272,CC772/CC834,263,CC96,260,CC15,256,5099,961,5353,847,25665,4416,76834,20332,CC1,1,1
sd_0010,3100,9592906,CC1,339,CC12,273,CC772/CC834,264,CC96,261,CC15,256,5131,961,5373,847,25783,4416,77288,20336,CC1,1,1
sd_0010,3200,9911706,CC1,340,CC12,274,CC772/CC834,265,CC96,262,CC15,257,5144,961,5387,847,25808,4416,77597,20336,CC1,1,1
sd_0010,3300,10233629,CC1,340,CC12,274,CC772/CC834,265,CC96,262,CC15,257,5185,961,5419,847,26067,4416,77939,20336,CC1,1,1
sd_0010,3400,10550294,CC1,342,CC12,275,CC772/CC834,267,CC96,263,CC15,257,5739,961,5954,847,29118,4417,78260,20337,CC1,1,1
sd_0010,3500,10858174,CC1,342,CC12,275,CC772/CC834,267,CC96,263,CC15,257,5758,961,5958,847,29169,4419,78640,20337,CC1,1,1
sd_0010,3600,11177704,CC1,342,CC12,275,CC772/CC834,267,CC96,263,CC15,257,5778,961,5967,847,29205,4421,79026,20337,CC1,1,1
sd_0010,3700,11469022,CC1,343,CC12,276,CC772/CC834,268,CC96,264,CC15,258,5803,961,5978,847,29224,4421,79391,20337,CC1,1,1
sd_0010,3800,11782961,CC1,345,CC12,278,CC772/CC834,270,CC96,266,CC15,260,5841,961,6012,847,29373,4421,89581,20393,CC1,1,1
sd_0010,3900,12098087,CC1,345,CC12,276,CC772/CC834,269,CC96,265,CC15,259,6212,961,6614,847,32409,4422,99278,20463,CC1,1,1
sd_0010,4000,12385543,CC1,346,CC12,277,CC772/CC834,270,CC96,266,CC15,259,6220,961,6622,847,32505,4422,115258,20513,CC1,1,1
sd_0010,4100,12711689,CC1,347,CC12,278,CC772/CC834,271,CC96,266,CC15,259,6231,961,6630,847,32528,4422,115636,20513,CC1,1,1
sd_0010,4200,13006880,CC1,349,CC12,280,CC772/CC834,273,CC96,268,CC15,260,6244,961,6640,847,32556,4422,121771,20513,CC1,1,1
sd_0010,4300,13330870,CC1,346,CC12,277,CC772/CC834,270,CC96,265,CC72,259,6277,961,6673,847,32688,4422,122172,20513,CC1,1,1
sd_0010,4400,13645141,CC1,348,CC12,278,CC772/CC834,269,CC96,264,CC72,259,6315,961,6693,847,32789,4422,131805,20516,CC1,1,1
sd_0010,4500,13996356,CC1,349,CC12,279,CC772/CC834,270,CC96,265,CC72,259,6367,961,6709,847,32946,4422,132060,20516,CC1,1,1
sd_0010,4600,14317951,CC1,349,CC12,279,CC772/CC834,270,CC96,265,CC72,259,6379,961,6717,847,32980,4423,141423,20516,CC1,1,1
sd_0010,4700,14620506,CC1,349,CC12,279,CC772/CC834,270,CC96,265,CC72,260,6394,961,6748,847,33191,4423,141721,20519,CC1,1,1
sd_0010,4800,14946079,CC1,348,CC12,279,CC772/CC834,270,CC96,265,CC72,259,6442,961,6765,847,33255,4425,152777,20520,CC1,1,1
sd_0010,4900,15310485,CC1,350,CC12,281,CC772/CC834,272,CC96,267,CC72,261,6450,961,6781,847,33298,4428,153093,20524,CC1,1,1
sd_0010,5000,15593610,CC1,351,CC12,282,CC772/CC834,273,CC96,268,CC72,262,6969,961,7130,847,35133,4429,153525,20527,CC1,1,1
sd_0010,5100,15876690,CC1,351,CC12,282,CC772/CC834,273,CC96,268,CC72,262,6976,961,7146,847,35178,4429,154047,20527,CC1,1,1
sd_0010,5200,16183419,CC1,352,CC12,282,CC772/CC834,273,CC96,269,CC72,262,7060,961,7161,847,35420,4429,161198,20530,CC1,1,1
sd_0010,5300,16517713,CC1,353,CC12,283,CC772/CC834,274,CC96,270,CC80,263,7075,961,7170,847,35452,4429,161498,20532,CC1,1,1
sd_0010,5400,16792755,CC1,354,CC12,284,CC772/CC834,275,CC96,271,CC80,264,7128,961,7197,847,35701,4429,162838,20532,CC1,1,1
sd_0010,5500,17111727,CC1,354,CC12,284,CC772/CC834,275,CC96,271,CC80,264,7163,961,7225,847,36013,4449,163187,20540,CC1,1,1
sd_0010,5600,17426498,CC1,353,CC12,283,CC772/CC834,274,CC96,269,CC80,263,7185,964,7243,847,36060,4449,165007,20541,CC1,1,1
sd_0010,5700,17750882,CC1,353,CC12,283,CC772/CC834,275,CC96,269,CC80,263,8079,964,8032,847,39859,4449,178507,20542,CC1,1,1
sd_0010,5800,18045194,CC1,353,CC12,283,CC772/CC834,275,CC96,269,CC80,263,8110,964,8059,847,39954,4449,183337,20542,CC1,1,1
sd_0010,5900,18350805,CC1,352,CC12,282,CC772/CC834,274,CC96,268,CC80,262,8200,964,8072,847,40132,4450,183800,20542,CC1,1,1
sd_0010,6000,18639449,CC1,352,CC12,282,CC772/CC834,274,CC96,268,CC80,262,8218,964,8085,847,40273,4450,184189,20544,CC1,1,1
sd_0010,6100,18938950,CC1,352,CC12,282,CC772/CC834,274,CC96,268,CC80,262,8335,964,8124,847,40848,4450,193307,20546,CC1,1,1
sd_0010,6200,19256508,CC1,352,CC12,282,CC772/CC834,274,CC96,268,CC80,262,8345,964,8140,847,40907,4450,193700,20547,CC1,1,1
sd_0010,6211,19291366,CC1,352,CC12,282,CC772/CC834,274,CC96,268,CC80,262,8345,964,8140,847,40907,4450,193751,20547,CC1,1,1
